transactions_id,sale_date,sale_time,customer_id,gender,age,category,quantity,price_per_unit,cogs,total_sale,,,d
180,05-11-2022,10:47:00,117,Male,41,Clothing,3,300,129,900,,,
522,06-11-2022,11:00:00,52,Male,46,Beauty,3,500,145,1500,,,
559,07-11-2022,10:48:00,5,Female,40,Clothing,4,300,84,1200,,,
1180,08-11-2022,08:53:00,85,Male,41,Clothing,3,300,129,900,,,
1522,09-11-2022,08:35:00,48,Male,46,Beauty,3,500,235,1500,,,
1559,10-11-2022,07:40:00,49,Female,40,Clothing,4,300,144,1200,,,
163,11-11-2022,09:38:00,144,Female,64,Clothing,3,50,23,150,,,
303,12-11-2022,11:09:00,54,Male,19,Electronics,3,30,14.7,90,,,
421,13-11-2022,08:43:00,66,Female,37,Clothing,3,500,235,1500,,,
979,14-11-2022,10:18:00,6,Female,19,Beauty,1,25,10.5,25,,,
1163,15-11-2022,10:52:00,120,Female,64,Clothing,3,50,27,150,,,
1303,16-11-2022,08:59:00,58,Male,19,Electronics,3,30,15,90,,,
1421,17-11-2022,07:07:00,59,Female,37,Clothing,3,500,185,1500,,,
1979,18-11-2022,11:34:00,102,Female,19,Beauty,1,25,7.75,25,,,
610,19-11-2022,06:56:00,137,Female,26,Beauty,2,300,93,600,,,
1610,20-11-2022,10:18:00,1,Female,26,Beauty,2,300,102,600,,,
32,21-11-2022,09:11:00,150,Male,30,Beauty,3,30,8.4,90,,,
231,22-11-2022,07:02:00,50,Female,23,Clothing,3,50,26.5,150,,,
683,23-11-2022,10:22:00,82,Male,38,Beauty,2,500,175,1000,,,
1032,24-11-2022,08:15:00,1,Male,30,Beauty,3,30,10.5,90,,,
1231,25-11-2022,07:05:00,12,Female,23,Clothing,3,50,23,150,,,
1683,26-11-2022,07:19:00,98,Male,38,Beauty,2,500,220,1000,,,
367,27-11-2022,07:03:00,123,Female,57,Electronics,1,50,18,50,,,
391,28-11-2022,07:37:00,68,Male,19,Beauty,2,25,6.25,50,,,
432,29-11-2022,11:31:00,17,Female,,Electronics,2,500,190,1000,,,
1367,30-11-2022,11:38:00,16,Female,,Electronics,1,50,15.5,50,,,
1391,01-12-2022,11:29:00,130,Male,,Beauty,2,25,9.25,50,,,
1432,02-12-2022,06:24:00,67,Female,,Electronics,2,500,245,1000,,,
150,03-12-2022,08:25:00,89,Female,,Electronics,4,30,16.2,120,,,
845,04-12-2022,10:12:00,25,Male,,Clothing,1,500,145,500,,,
1150,05-12-2022,10:04:00,77,Female,,Electronics,4,30,10.2,120,,,
1845,06-12-2022,07:06:00,94,Male,,Clothing,1,500,185,500,,,
797,07-12-2022,06:38:00,116,Male,,Clothing,3,25,10.75,75,,,
921,08-12-2022,09:34:00,101,Male,,Electronics,3,25,8,75,,,
1797,09-12-2022,11:47:00,147,Male,40,Clothing,3,25,12.25,75,,,
1921,10-12-2022,07:01:00,77,Male,51,Electronics,3,25,7.5,75,,,
291,11-12-2022,08:29:00,15,Male,60,Clothing,2,300,126,600,,,
907,12-12-2022,06:16:00,145,Female,45,Electronics,1,25,8.5,25,,,
1291,13-12-2022,11:19:00,72,Male,60,Clothing,2,300,153,600,,,
1907,14-12-2022,11:21:00,115,Female,45,Electronics,1,25,9,25,,,
860,15-12-2022,08:58:00,85,Male,63,Clothing,4,50,16,200,,,
1860,16-12-2022,11:21:00,57,Male,63,Clothing,4,50,18,200,,,
184,17-12-2022,06:44:00,128,Male,31,Electronics,4,50,17,200,,,
734,18-12-2022,08:54:00,77,Female,27,Clothing,1,30,15.6,30,,,
1184,19-12-2022,08:28:00,23,Male,31,Electronics,4,50,27.5,200,,,
1734,20-12-2022,08:58:00,72,Female,27,Clothing,1,30,14.4,30,,,
225,21-12-2022,07:37:00,85,Female,57,Beauty,4,25,12.75,100,,,
679,22-12-2022,08:59:00,64,Female,18,Beauty,,,,,,,
746,23-12-2022,11:33:00,42,Female,33,Clothing,,,,,,,
1225,24-12-2022,09:51:00,137,Female,57,Beauty,,,,,,,
1679,25-12-2022,08:08:00,71,Female,18,Beauty,3,30,15.3,90,,,
1746,26-12-2022,07:59:00,88,Female,33,Clothing,3,30,10.8,90,,,
3,27-12-2022,07:08:00,114,Male,50,Electronics,1,30,8.1,30,,,
464,28-12-2022,11:13:00,24,Male,38,Electronics,2,300,75,600,,,
484,29-12-2022,07:52:00,135,Female,19,Clothing,4,300,75,1200,,,
591,30-12-2022,08:38:00,94,Male,53,Electronics,4,25,6.5,100,,,
1003,31-12-2022,07:59:00,80,Male,50,Electronics,1,30,15.9,30,,,
1464,01-01-2023,10:06:00,80,Male,38,Electronics,2,300,126,600,,,
1484,02-01-2023,09:29:00,22,Female,19,Clothing,4,300,147,1200,,,
1591,03-01-2023,11:00:00,62,Male,53,Electronics,4,25,7,100,,,
21,04-01-2023,07:33:00,59,Female,50,Beauty,1,500,275,500,,,
708,05-01-2023,08:38:00,62,Female,43,Beauty,3,300,87,900,,,
713,06-01-2023,11:43:00,39,Male,34,Beauty,3,25,11.25,75,,,
768,07-01-2023,06:50:00,58,Female,24,Beauty,3,25,10.5,75,,,
1021,08-01-2023,10:19:00,44,Female,50,Beauty,1,500,155,500,,,
1708,09-01-2023,07:47:00,41,Female,43,Beauty,3,300,162,900,,,
1713,10-01-2023,10:10:00,90,Male,34,Beauty,3,25,10.75,75,,,
1768,11-01-2023,09:52:00,85,Female,24,Beauty,3,25,8.75,75,,,
499,12-01-2023,10:52:00,15,Male,46,Beauty,2,30,16.5,60,,,
697,13-01-2023,07:52:00,152,Male,53,Clothing,1,500,200,500,,,
831,14-01-2023,11:49:00,149,Male,27,Electronics,4,25,13.75,100,,,
1499,15-01-2023,09:46:00,3,Male,46,Beauty,2,30,11.7,60,,,
1697,16-01-2023,08:22:00,54,Male,53,Clothing,1,500,265,500,,,
1831,17-01-2023,10:54:00,80,Male,27,Electronics,4,25,6.5,100,,,
15,18-01-2023,11:50:00,75,Female,42,Electronics,4,500,210,2000,,,
743,19-01-2023,07:54:00,55,Female,34,Beauty,4,500,260,2000,,,
1015,20-01-2023,11:53:00,94,Female,42,Electronics,4,500,200,2000,,,
1743,21-01-2023,09:37:00,47,Female,34,Beauty,4,500,250,2000,,,
14,22-01-2023,07:11:00,8,Male,64,Clothing,4,30,13.2,120,,,
103,23-01-2023,10:05:00,33,Female,59,Clothing,1,25,10.75,25,,,
238,24-01-2023,11:52:00,20,Female,39,Beauty,1,500,150,500,,,
986,25-01-2023,09:35:00,65,Female,49,Clothing,2,500,200,1000,,,
1014,26-01-2023,10:26:00,147,Male,64,Clothing,4,30,11.4,120,,,
1103,27-01-2023,07:11:00,61,Female,59,Clothing,1,25,6.75,25,,,
1238,28-01-2023,07:38:00,129,Female,39,Beauty,1,500,165,500,,,
1986,29-01-2023,08:28:00,29,Female,49,Clothing,2,500,145,1000,,,
438,30-01-2023,10:15:00,88,Female,42,Clothing,1,30,15.9,30,,,
1438,31-01-2023,10:00:00,72,Female,42,Clothing,1,30,13.8,30,,,
475,01-02-2023,10:39:00,78,Male,26,Clothing,3,25,9,75,,,
505,02-02-2023,07:25:00,86,Male,24,Beauty,1,50,19.5,50,,,
1475,03-02-2023,07:03:00,132,Male,26,Clothing,3,25,10.75,75,,,
1505,04-02-2023,08:00:00,98,Male,24,Beauty,1,50,14.5,50,,,
344,05-02-2023,09:47:00,69,Female,42,Beauty,1,30,7.5,30,,,
448,06-02-2023,09:36:00,86,Female,54,Beauty,2,30,16.2,60,,,
742,07-02-2023,06:08:00,37,Female,38,Electronics,4,500,195,2000,,,
1344,08-02-2023,06:12:00,144,Female,42,Beauty,1,30,11.1,30,,,
1448,09-02-2023,06:28:00,51,Female,54,Beauty,2,30,9.3,60,,,
1742,10-02-2023,08:25:00,18,Female,38,Electronics,4,500,220,2000,,,
445,11-02-2023,10:48:00,132,Female,53,Electronics,1,300,138,300,,,
787,12-02-2023,10:42:00,25,Male,41,Electronics,1,25,13.75,25,,,
1445,13-02-2023,06:16:00,31,Female,53,Electronics,1,300,129,300,,,
1787,14-02-2023,07:42:00,104,Male,41,Electronics,1,25,10,25,,,
49,15-02-2023,10:33:00,37,Female,54,Electronics,2,500,255,1000,,,
420,16-02-2023,10:53:00,28,Female,22,Clothing,4,500,200,2000,,,
519,17-02-2023,10:17:00,52,Female,36,Electronics,4,30,16.5,120,,,
1049,18-02-2023,06:36:00,143,Female,54,Electronics,2,500,125,1000,,,
1420,19-02-2023,07:01:00,138,Female,22,Clothing,4,500,205,2000,,,
1519,20-02-2023,07:35:00,139,Female,36,Electronics,4,30,9.3,120,,,
64,21-02-2023,06:34:00,7,Male,49,Clothing,4,25,8.5,100,,,
592,22-02-2023,09:15:00,77,Female,46,Beauty,4,500,275,2000,,,
912,23-02-2023,06:18:00,122,Male,51,Beauty,3,50,20.5,150,,,
1064,24-02-2023,10:38:00,49,Male,49,Clothing,4,25,13.75,100,,,
1592,25-02-2023,09:08:00,81,Female,46,Beauty,4,500,155,2000,,,
1912,26-02-2023,07:40:00,146,Male,51,Beauty,3,50,22,150,,,
134,27-02-2023,09:03:00,132,Male,49,Electronics,1,50,16,50,,,
1134,28-02-2023,09:04:00,106,Male,49,Electronics,1,50,24,50,,,
288,01-03-2023,09:59:00,27,Male,28,Clothing,4,30,12,120,,,
323,02-03-2023,08:22:00,97,Female,29,Beauty,3,300,150,900,,,
618,03-03-2023,10:22:00,5,Female,27,Beauty,1,50,26,50,,,
720,04-03-2023,08:50:00,116,Female,56,Beauty,3,500,235,1500,,,
1288,05-03-2023,11:56:00,26,Male,28,Clothing,4,30,9,120,,,
1323,06-03-2023,10:49:00,136,Female,29,Beauty,3,300,114,900,,,
1618,07-03-2023,06:27:00,118,Female,27,Beauty,1,50,13.5,50,,,
1720,08-03-2023,08:51:00,28,Female,56,Beauty,3,500,190,1500,,,
415,09-03-2023,09:59:00,85,Male,53,Clothing,2,30,8.1,60,,,
736,10-03-2023,08:30:00,97,Male,29,Clothing,4,25,9.75,100,,,
929,11-03-2023,10:18:00,40,Female,23,Beauty,3,25,10.5,75,,,
1415,12-03-2023,07:11:00,146,Male,53,Clothing,2,30,15.3,60,,,
1736,13-03-2023,08:57:00,87,Male,29,Clothing,4,25,10.25,100,,,
1929,14-03-2023,06:50:00,62,Female,23,Beauty,3,25,12.75,75,,,
264,15-03-2023,11:03:00,111,Male,47,Clothing,3,300,150,900,,,
913,16-03-2023,10:52:00,78,Male,29,Electronics,3,30,16.5,90,,,
940,17-03-2023,08:11:00,46,Female,20,Electronics,1,30,9.6,30,,,
1264,18-03-2023,09:23:00,82,Male,47,Clothing,3,300,123,900,,,
1913,19-03-2023,07:10:00,101,Male,29,Electronics,3,30,14.1,90,,,
1940,20-03-2023,09:47:00,56,Female,20,Electronics,1,30,11.1,30,,,
101,21-03-2023,08:46:00,24,Male,32,Clothing,2,300,135,600,,,
1101,22-03-2023,07:47:00,15,Male,32,Clothing,2,300,132,600,,,
189,23-03-2023,09:44:00,143,Male,63,Beauty,1,50,14.5,50,,,
317,24-03-2023,07:54:00,117,Male,22,Electronics,3,30,12,90,,,
322,25-03-2023,06:11:00,13,Male,51,Electronics,1,500,125,500,,,
329,26-03-2023,07:42:00,52,Female,46,Electronics,4,25,8,100,,,
1189,27-03-2023,06:08:00,104,Male,63,Beauty,1,50,20.5,50,,,
1317,28-03-2023,08:02:00,144,Male,22,Electronics,3,30,12,90,,,
1322,29-03-2023,09:56:00,10,Male,51,Electronics,1,500,250,500,,,
1329,30-03-2023,10:39:00,119,Female,46,Electronics,4,25,9.25,100,,,
235,31-03-2023,10:13:00,132,Female,23,Electronics,2,500,275,1000,,,
300,01-04-2023,09:41:00,138,Female,19,Electronics,4,50,26.5,200,,,
964,02-04-2023,08:18:00,15,Male,24,Clothing,3,300,156,900,,,
1235,03-04-2023,06:44:00,87,Female,23,Electronics,2,500,220,1000,,,
1300,04-04-2023,08:57:00,7,Female,19,Electronics,4,50,24,200,,,
1964,05-04-2023,08:27:00,115,Male,24,Clothing,3,300,111,900,,,
269,06-04-2023,11:31:00,87,Male,25,Clothing,4,500,250,2000,,,
320,07-04-2023,08:35:00,57,Female,28,Electronics,4,300,159,1200,,,
673,08-04-2023,10:14:00,18,Female,43,Clothing,3,500,270,1500,,,
1269,09-04-2023,08:09:00,71,Male,25,Clothing,4,500,145,2000,,,
1320,10-04-2023,11:55:00,102,Female,28,Electronics,4,300,84,1200,,,
1673,11-04-2023,07:36:00,42,Female,43,Clothing,3,500,185,1500,,,
142,12-04-2023,10:05:00,61,Male,35,Electronics,4,300,138,1200,,,
223,13-04-2023,11:18:00,61,Female,64,Clothing,1,25,12,25,,,
666,14-04-2023,10:59:00,49,Male,51,Electronics,3,50,16,150,,,
1142,15-04-2023,09:49:00,2,Male,35,Electronics,4,300,114,1200,,,
1223,16-04-2023,07:40:00,106,Female,64,Clothing,1,25,9.75,25,,,
1666,17-04-2023,10:10:00,125,Male,51,Electronics,3,50,21,150,,,
107,18-04-2023,09:18:00,75,Female,21,Clothing,4,300,78,1200,,,
933,19-04-2023,07:53:00,81,Male,22,Beauty,1,30,12.9,30,,,
1107,20-04-2023,11:14:00,62,Female,21,Clothing,4,300,102,1200,,,
1933,21-04-2023,11:04:00,121,Male,22,Beauty,1,30,14.4,30,,,
237,22-04-2023,08:54:00,105,Female,50,Beauty,2,500,165,1000,,,
335,23-04-2023,09:23:00,2,Female,47,Beauty,4,30,10.8,120,,,
1237,24-04-2023,09:20:00,48,Female,50,Beauty,2,500,215,1000,,,
1335,25-04-2023,08:45:00,117,Female,47,Beauty,4,30,8.7,120,,,
63,26-04-2023,11:49:00,127,Male,57,Electronics,2,25,6.25,50,,,
195,27-04-2023,11:51:00,10,Male,52,Clothing,1,30,9.3,30,,,
333,28-04-2023,08:15:00,21,Female,54,Electronics,4,300,99,1200,,,
379,29-04-2023,07:28:00,76,Female,47,Clothing,1,25,8.5,25,,,
490,30-04-2023,06:07:00,43,Male,34,Clothing,3,50,18.5,150,,,
530,01-05-2023,07:52:00,8,Female,18,Electronics,4,30,9,120,,,
740,02-05-2023,06:58:00,33,Female,25,Beauty,4,50,13,200,,,
793,03-05-2023,10:53:00,1,Male,54,Beauty,1,30,14.7,30,,,
1063,04-05-2023,10:26:00,56,Male,57,Electronics,2,25,11,50,,,
1195,05-05-2023,07:07:00,55,Male,52,Clothing,1,30,12,30,,,
1333,06-05-2023,11:38:00,151,Female,54,Electronics,4,300,165,1200,,,
1379,07-05-2023,06:23:00,69,Female,47,Clothing,1,25,7.25,25,,,
1490,08-05-2023,07:15:00,155,Male,34,Clothing,3,50,17,150,,,
1530,09-05-2023,08:17:00,93,Female,18,Electronics,4,30,12.3,120,,,
1740,10-05-2023,06:01:00,66,Female,25,Beauty,4,50,27,200,,,
1793,11-05-2023,06:05:00,88,Male,54,Beauty,1,30,10.8,30,,,
85,12-05-2023,08:05:00,68,Male,31,Clothing,3,50,19,150,,,
232,13-05-2023,07:14:00,150,Female,43,Beauty,1,25,12.75,25,,,
240,14-05-2023,11:49:00,95,Female,23,Beauty,1,300,123,300,,,
993,15-05-2023,09:21:00,134,Female,48,Electronics,3,50,17,150,,,
1085,16-05-2023,09:29:00,76,Male,31,Clothing,3,50,17,150,,,
1232,17-05-2023,08:05:00,146,Female,43,Beauty,1,25,6.25,25,,,
1240,18-05-2023,07:42:00,144,Female,23,Beauty,1,300,90,300,,,
1993,19-05-2023,11:53:00,123,Female,48,Electronics,3,50,26.5,150,,,
366,20-05-2023,09:32:00,116,Male,57,Clothing,2,50,17.5,100,,,
372,21-05-2023,11:45:00,27,Female,24,Beauty,3,500,140,1500,,,
596,22-05-2023,08:44:00,87,Female,64,Electronics,1,300,93,300,,,
936,23-05-2023,10:51:00,143,Male,57,Beauty,4,50,19.5,200,,,
1366,24-05-2023,11:34:00,25,Male,57,Clothing,2,50,23.5,100,,,
1372,25-05-2023,10:53:00,60,Female,24,Beauty,3,500,145,1500,,,
1596,26-05-2023,06:22:00,7,Female,64,Electronics,1,300,141,300,,,
1936,27-05-2023,11:32:00,60,Male,57,Beauty,4,50,12.5,200,,,
284,28-05-2023,09:17:00,129,Male,43,Clothing,4,50,20.5,200,,,
434,29-05-2023,06:09:00,50,Female,43,Electronics,2,25,8.25,50,,,
775,30-05-2023,11:07:00,98,Female,46,Electronics,4,25,9.5,100,,,
977,31-05-2023,08:35:00,46,Female,35,Electronics,3,25,13.75,75,,,
1284,01-06-2023,11:43:00,145,Male,43,Clothing,4,50,18,200,,,
1434,02-06-2023,10:02:00,147,Female,43,Electronics,2,25,7,50,,,
1775,03-06-2023,08:04:00,78,Female,46,Electronics,4,25,13.75,100,,,
1977,04-06-2023,10:46:00,63,Female,35,Electronics,3,25,12,75,,,
649,05-06-2023,08:17:00,44,Female,58,Clothing,2,300,135,600,,,
1649,06-06-2023,07:44:00,72,Female,58,Clothing,2,300,75,600,,,
54,07-06-2023,10:17:00,142,Female,38,Electronics,3,500,200,1500,,,
68,08-06-2023,09:06:00,146,Male,25,Electronics,1,300,84,300,,,
192,09-06-2023,08:05:00,134,Male,62,Beauty,2,50,13,100,,,
1054,10-06-2023,09:24:00,49,Female,38,Electronics,3,500,140,1500,,,
1068,11-06-2023,10:11:00,136,Male,25,Electronics,1,300,111,300,,,
1192,12-06-2023,08:41:00,37,Male,62,Beauty,2,50,20.5,100,,,
331,13-06-2023,08:33:00,28,Male,28,Electronics,3,30,10.2,90,,,
346,14-06-2023,06:54:00,38,Male,59,Clothing,2,500,215,1000,,,
657,15-06-2023,08:53:00,46,Male,40,Clothing,1,25,8,25,,,
732,16-06-2023,08:45:00,136,Male,61,Electronics,2,500,250,1000,,,
972,17-06-2023,11:42:00,139,Male,49,Beauty,4,25,6.75,100,,,
1331,18-06-2023,09:29:00,36,Male,28,Electronics,3,30,13.8,90,,,
1346,19-06-2023,10:01:00,112,Male,59,Clothing,2,500,130,1000,,,
1657,20-06-2023,10:05:00,61,Male,40,Clothing,1,25,8,25,,,
1732,21-06-2023,07:05:00,55,Male,61,Electronics,2,500,215,1000,,,
1972,22-06-2023,06:39:00,5,Male,49,Beauty,4,25,9.25,100,,,
714,23-06-2023,08:50:00,20,Female,18,Clothing,1,500,190,500,,,
1714,24-06-2023,06:07:00,111,Female,18,Clothing,1,500,245,500,,,
193,25-06-2023,10:40:00,55,Male,35,Beauty,3,500,180,1500,,,
577,26-06-2023,11:55:00,45,Male,21,Beauty,4,500,215,2000,,,
848,27-06-2023,10:46:00,15,Female,63,Clothing,3,25,9.75,75,,,
945,28-06-2023,10:01:00,120,Male,30,Beauty,1,25,13.25,25,,,
1193,29-06-2023,11:31:00,50,Male,35,Beauty,3,500,145,1500,,,
1577,30-06-2023,06:22:00,145,Male,21,Beauty,4,500,160,2000,,,
1848,01-07-2023,10:16:00,63,Female,63,Clothing,3,25,12.5,75,,,
1945,02-07-2023,09:55:00,33,Male,30,Beauty,1,25,10.75,25,,,
11,03-07-2023,10:30:00,151,Male,23,Clothing,2,50,23.5,100,,,
821,04-07-2023,11:27:00,40,Male,49,Electronics,1,300,129,300,,,
1011,05-07-2023,06:48:00,15,Male,23,Clothing,2,50,19,100,,,
1821,06-07-2023,07:17:00,42,Male,49,Electronics,1,300,108,300,,,
133,07-07-2023,09:01:00,70,Male,20,Electronics,3,300,87,900,,,
1133,08-07-2023,06:42:00,58,Male,20,Electronics,3,300,159,900,,,
16,09-07-2023,10:33:00,82,Male,19,Clothing,3,500,180,1500,,,
42,10-07-2023,08:29:00,63,Male,22,Clothing,3,300,147,900,,,
292,11-07-2023,06:33:00,111,Male,20,Beauty,4,300,141,1200,,,
416,12-07-2023,09:29:00,55,Male,53,Electronics,4,500,245,2000,,,
584,13-07-2023,10:21:00,106,Female,27,Beauty,4,50,16.5,200,,,
861,14-07-2023,08:57:00,22,Female,41,Clothing,3,30,9.6,90,,,
1016,15-07-2023,07:39:00,52,Male,19,Clothing,3,500,200,1500,,,
1042,16-07-2023,06:21:00,7,Male,22,Clothing,3,300,150,900,,,
1292,17-07-2023,08:20:00,88,Male,20,Beauty,4,300,90,1200,,,
1416,18-07-2023,10:47:00,111,Male,53,Electronics,4,500,125,2000,,,
1584,19-07-2023,11:07:00,62,Female,27,Beauty,4,50,16.5,200,,,
1861,20-07-2023,10:41:00,145,Female,41,Clothing,3,30,10.2,90,,,
256,21-07-2023,08:05:00,3,Male,23,Clothing,2,500,270,1000,,,
1256,22-07-2023,09:58:00,29,Male,23,Clothing,2,500,190,1000,,,
44,23-07-2023,11:07:00,93,Female,22,Clothing,1,25,11.75,25,,,
257,24-07-2023,08:49:00,130,Male,19,Beauty,4,500,165,2000,,,
1044,25-07-2023,09:08:00,70,Female,22,Clothing,1,25,7.5,25,,,
1257,26-07-2023,11:55:00,29,Male,19,Beauty,4,500,255,2000,,,
268,27-07-2023,08:26:00,93,Female,28,Electronics,1,30,8.7,30,,,
287,28-07-2023,11:07:00,88,Male,54,Clothing,4,25,10,100,,,
966,29-07-2023,07:22:00,119,Male,60,Electronics,2,500,190,1000,,,
1268,30-07-2023,09:33:00,15,Female,28,Electronics,1,30,14.1,30,,,
1287,31-07-2023,08:03:00,120,Male,54,Clothing,4,25,7,100,,,
1966,01-08-2023,09:52:00,74,Male,60,Electronics,2,500,200,1000,,,
70,02-08-2023,10:48:00,147,Female,43,Clothing,1,300,84,300,,,
371,03-08-2023,10:01:00,32,Female,20,Beauty,1,25,13,25,,,
900,04-08-2023,08:41:00,130,Male,21,Clothing,2,30,15.6,60,,,
1070,05-08-2023,11:12:00,102,Female,43,Clothing,1,300,120,300,,,
1371,06-08-2023,06:52:00,41,Female,20,Beauty,1,25,13.5,25,,,
1900,07-08-2023,06:43:00,65,Male,21,Clothing,2,30,10.8,60,,,
8,08-08-2023,11:19:00,148,Male,30,Electronics,4,25,11,100,,,
41,09-08-2023,10:36:00,88,Male,34,Clothing,2,25,13.25,50,,,
454,10-08-2023,07:20:00,13,Female,46,Beauty,1,25,13,25,,,
780,11-08-2023,11:30:00,107,Male,52,Electronics,2,25,13.25,50,,,
920,12-08-2023,10:25:00,99,Female,28,Beauty,3,25,6.75,75,,,
1008,13-08-2023,08:51:00,116,Male,30,Electronics,4,25,13,100,,,
1041,14-08-2023,07:27:00,74,Male,34,Clothing,2,25,11,50,,,
1454,15-08-2023,11:18:00,22,Female,46,Beauty,1,25,6.75,25,,,
1780,16-08-2023,10:00:00,32,Male,52,Electronics,2,25,10.5,50,,,
1920,17-08-2023,08:33:00,23,Female,28,Beauty,3,25,9.25,75,,,
396,18-08-2023,07:11:00,29,Female,55,Beauty,1,30,10.8,30,,,
1396,19-08-2023,06:23:00,9,Female,55,Beauty,1,30,8.4,30,,,
168,20-08-2023,09:20:00,138,Male,53,Clothing,1,300,102,300,,,
400,21-08-2023,09:52:00,2,Male,53,Clothing,4,50,24,200,,,
611,22-08-2023,08:13:00,11,Male,51,Beauty,3,500,180,1500,,,
800,23-08-2023,07:33:00,111,Male,32,Clothing,4,300,87,1200,,,
1168,24-08-2023,07:56:00,68,Male,53,Clothing,1,300,150,300,,,
1400,25-08-2023,11:54:00,115,Male,53,Clothing,4,50,20,200,,,
1611,26-08-2023,07:30:00,125,Male,51,Beauty,3,500,180,1500,,,
1800,27-08-2023,10:53:00,1,Male,32,Clothing,4,300,111,1200,,,
272,28-08-2023,11:57:00,112,Female,61,Electronics,2,50,27.5,100,,,
473,29-08-2023,10:09:00,1,Male,64,Beauty,1,50,14.5,50,,,
506,30-08-2023,07:13:00,9,Male,34,Beauty,3,500,200,1500,,,
766,31-08-2023,08:02:00,128,Male,38,Electronics,3,300,165,900,,,
1272,01-09-2023,11:59:00,66,Female,61,Electronics,2,50,17,100,,,
1473,02-09-2023,09:06:00,30,Male,64,Beauty,1,50,13,50,,,
1506,03-09-2023,07:31:00,52,Male,34,Beauty,3,500,245,1500,,,
1766,04-09-2023,06:08:00,6,Male,38,Electronics,3,300,129,900,,,
135,05-09-2023,07:22:00,104,Male,20,Clothing,2,25,13,50,,,
1135,06-09-2023,08:16:00,124,Male,20,Clothing,2,25,12.5,50,,,
2,07-09-2023,10:07:00,104,Female,26,Clothing,2,500,135,1000,,,
158,08-09-2023,11:38:00,141,Female,44,Electronics,2,300,132,600,,,
185,09-09-2023,09:48:00,57,Male,24,Clothing,1,25,7,25,,,
433,10-09-2023,08:48:00,144,Male,29,Beauty,4,50,20,200,,,
1002,11-09-2023,09:24:00,69,Female,26,Clothing,2,500,270,1000,,,
1158,12-09-2023,09:29:00,77,Female,44,Electronics,2,300,138,600,,,
1185,13-09-2023,10:28:00,153,Male,24,Clothing,1,25,10.25,25,,,
1433,14-09-2023,11:41:00,113,Male,29,Beauty,4,50,15.5,200,,,
152,15-09-2023,11:58:00,120,Male,43,Electronics,4,500,210,2000,,,
753,16-09-2023,10:07:00,70,Female,32,Clothing,1,30,15.9,30,,,
763,17-09-2023,09:43:00,58,Male,34,Clothing,2,25,11.5,50,,,
932,18-09-2023,08:33:00,120,Female,45,Beauty,4,25,7.75,100,,,
1152,19-09-2023,07:48:00,87,Male,43,Electronics,4,500,170,2000,,,
1753,20-09-2023,07:40:00,28,Female,32,Clothing,1,30,10.5,30,,,
1763,21-09-2023,11:37:00,93,Male,34,Clothing,2,25,13.5,50,,,
1932,22-09-2023,07:07:00,96,Female,45,Beauty,4,25,6.25,100,,,
399,23-09-2023,09:25:00,136,Female,64,Beauty,2,30,12.9,60,,,
500,24-09-2023,06:11:00,120,Female,60,Beauty,4,25,11.5,100,,,
514,25-09-2023,08:35:00,139,Female,18,Electronics,1,300,96,300,,,
1399,26-09-2023,09:32:00,15,Female,64,Beauty,2,30,16.2,60,,,
1500,27-09-2023,08:36:00,53,Female,60,Beauty,4,25,8.5,100,,,
1514,28-09-2023,10:55:00,59,Female,18,Electronics,1,300,75,300,,,
947,29-09-2023,07:09:00,4,Male,50,Beauty,1,300,129,300,,,
1947,30-09-2023,06:27:00,134,Male,50,Beauty,1,300,75,300,,,
220,01-10-2023,06:44:00,138,Male,64,Beauty,1,500,140,500,,,
339,02-10-2023,10:27:00,33,Female,22,Electronics,2,25,10.25,50,,,
785,03-10-2023,06:09:00,88,Female,31,Beauty,4,50,13,200,,,
885,04-10-2023,10:10:00,121,Female,52,Clothing,4,30,14.4,120,,,
888,05-10-2023,06:03:00,63,Female,52,Electronics,4,25,12.75,100,,,
1220,06-10-2023,11:16:00,47,Male,64,Beauty,1,500,240,500,,,
1339,07-10-2023,10:34:00,132,Female,22,Electronics,2,25,7.5,50,,,
1785,08-10-2023,11:17:00,144,Female,31,Beauty,4,50,17,200,,,
1885,09-10-2023,07:32:00,148,Female,52,Clothing,4,30,10.8,120,,,
1888,10-10-2023,08:10:00,49,Female,52,Electronics,4,25,12.5,100,,,
621,11-10-2023,09:55:00,138,Female,40,Beauty,2,500,275,1000,,,
1621,12-10-2023,10:49:00,2,Female,40,Beauty,2,500,160,1000,,,
52,13-10-2023,09:42:00,55,Female,36,Beauty,1,300,111,300,,,
536,14-10-2023,06:25:00,17,Female,55,Beauty,4,30,8.7,120,,,
1052,15-10-2023,06:12:00,94,Female,36,Beauty,1,300,120,300,,,
1536,16-10-2023,07:23:00,14,Female,55,Beauty,4,30,13.5,120,,,
197,17-10-2023,11:57:00,14,Female,42,Clothing,4,50,25.5,200,,,
750,18-10-2023,07:33:00,69,Female,35,Clothing,3,25,8.75,75,,,
910,19-10-2023,06:29:00,138,Female,20,Beauty,3,50,22.5,150,,,
917,20-10-2023,11:50:00,120,Female,57,Electronics,4,50,16.5,200,,,
1197,21-10-2023,10:07:00,77,Female,42,Clothing,4,50,19,200,,,
1750,22-10-2023,10:10:00,138,Female,35,Clothing,3,25,7.25,75,,,
1910,23-10-2023,06:22:00,141,Female,20,Beauty,3,50,18,150,,,
1917,24-10-2023,07:17:00,52,Female,57,Electronics,4,50,24,200,,,
198,25-10-2023,11:42:00,30,Female,54,Beauty,3,300,114,900,,,
444,26-10-2023,07:06:00,51,Female,61,Clothing,3,30,15.9,90,,,
547,27-10-2023,07:36:00,3,Male,63,Clothing,4,500,250,2000,,,
705,28-10-2023,07:28:00,37,Male,60,Electronics,2,25,6.25,50,,,
1198,29-10-2023,10:43:00,147,Female,54,Beauty,3,300,159,900,,,
1444,30-10-2023,06:18:00,135,Female,61,Clothing,3,30,14.1,90,,,
1547,31-10-2023,06:39:00,142,Male,63,Clothing,4,500,235,2000,,,
1705,01-11-2023,08:32:00,94,Male,60,Electronics,2,25,8.75,50,,,
423,02-11-2023,06:06:00,41,Female,27,Clothing,1,25,11.75,25,,,
1423,03-11-2023,07:56:00,131,Female,27,Clothing,1,25,11,25,,,
248,04-11-2023,07:11:00,5,Male,26,Clothing,3,300,126,900,,,
360,05-11-2023,09:04:00,26,Male,42,Clothing,4,25,10.5,100,,,
377,06-11-2023,08:30:00,141,Female,46,Clothing,4,50,18,200,,,
1248,07-11-2023,08:20:00,68,Male,26,Clothing,3,300,111,900,,,
1360,08-11-2023,09:31:00,93,Male,42,Clothing,4,25,6.25,100,,,
1377,09-11-2023,07:52:00,71,Female,46,Clothing,4,50,14,200,,,
397,10-11-2023,08:06:00,59,Female,30,Beauty,1,25,10.5,25,,,
623,11-11-2023,10:00:00,39,Male,34,Clothing,3,50,26,150,,,
1397,12-11-2023,11:05:00,6,Female,30,Beauty,1,25,11.75,25,,,
1623,13-11-2023,06:14:00,76,Male,34,Clothing,3,50,22,150,,,
717,14-11-2023,08:15:00,8,Male,57,Clothing,1,500,190,500,,,
1717,15-11-2023,09:40:00,21,Male,57,Clothing,1,500,175,500,,,
130,16-11-2023,06:21:00,114,Female,57,Clothing,1,500,125,500,,,
658,17-11-2023,07:47:00,93,Male,59,Clothing,1,25,6.5,25,,,
1130,18-11-2023,09:03:00,28,Female,57,Clothing,1,500,180,500,,,
1658,19-11-2023,06:08:00,148,Male,59,Clothing,1,25,12.25,25,,,
7,20-11-2023,06:24:00,38,Male,46,Clothing,2,25,13.25,50,,,
119,21-11-2023,09:11:00,127,Female,60,Clothing,3,50,27.5,150,,,
278,22-11-2023,11:42:00,71,Female,37,Clothing,4,25,13.5,100,,,
1007,23-11-2023,10:09:00,15,Male,46,Clothing,2,25,11.5,50,,,
1119,24-11-2023,09:36:00,1,Female,60,Clothing,3,50,25.5,150,,,
1278,25-11-2023,06:19:00,28,Female,37,Clothing,4,25,6.75,100,,,
117,26-11-2023,11:38:00,8,Male,19,Electronics,2,500,230,1000,,,
1117,27-11-2023,07:48:00,144,Male,19,Electronics,2,500,210,1000,,,
442,28-11-2023,11:07:00,24,Female,60,Clothing,4,25,13.25,100,,,
590,29-11-2023,11:52:00,151,Male,36,Clothing,3,300,135,900,,,
607,30-11-2023,09:33:00,109,Male,54,Clothing,3,25,13.25,75,,,
1442,01-12-2023,11:02:00,96,Female,60,Clothing,4,25,11.25,100,,,
1590,02-12-2023,09:39:00,142,Male,36,Clothing,3,300,147,900,,,
1607,03-12-2023,10:18:00,53,Male,54,Clothing,3,25,7.75,75,,,
436,04-12-2023,11:54:00,21,Female,57,Clothing,4,30,13.5,120,,,
942,05-12-2023,09:22:00,35,Male,51,Clothing,3,500,160,1500,,,
1436,06-12-2023,11:29:00,1,Female,57,Clothing,4,30,9.9,120,,,
1942,07-12-2023,11:53:00,112,Male,51,Clothing,3,500,265,1500,,,
659,08-12-2023,06:08:00,75,Female,39,Electronics,1,30,8.1,30,,,
941,09-12-2023,09:58:00,39,Female,57,Clothing,2,25,6.5,50,,,
1659,10-12-2023,09:29:00,22,Female,39,Electronics,1,30,9,30,,,
1941,11-12-2023,06:14:00,48,Female,57,Clothing,2,25,12,50,,,
136,12-12-2023,08:59:00,25,Male,44,Electronics,2,300,141,600,,,
175,13-12-2023,10:02:00,23,Female,31,Electronics,4,25,12.5,100,,,
663,14-12-2023,06:32:00,133,Male,23,Clothing,4,300,87,1200,,,
748,15-12-2023,09:35:00,132,Male,25,Clothing,3,50,24,150,,,
806,16-12-2023,08:08:00,14,Female,35,Beauty,3,300,165,900,,,
1136,17-12-2023,08:41:00,93,Male,44,Electronics,2,300,81,600,,,
1175,18-12-2023,06:38:00,103,Female,31,Electronics,4,25,11.5,100,,,
1663,19-12-2023,07:04:00,33,Male,23,Clothing,4,300,81,1200,,,
1748,20-12-2023,10:24:00,119,Male,25,Clothing,3,50,15.5,150,,,
1806,21-12-2023,10:13:00,61,Female,35,Beauty,3,300,102,900,,,
38,22-12-2023,11:39:00,147,Male,38,Beauty,4,50,26,200,,,
313,23-12-2023,10:03:00,11,Female,55,Beauty,3,500,140,1500,,,
402,24-12-2023,08:45:00,63,Female,41,Clothing,2,300,135,600,,,
459,25-12-2023,07:12:00,122,Male,28,Clothing,4,300,75,1200,,,
1038,26-12-2023,09:09:00,11,Male,38,Beauty,4,50,20.5,200,,,
1313,27-12-2023,09:22:00,10,Female,55,Beauty,3,500,170,1500,,,
1402,28-12-2023,06:47:00,110,Female,41,Clothing,2,300,156,600,,,
1459,29-12-2023,06:46:00,13,Male,28,Clothing,4,300,144,1200,,,
161,30-12-2023,06:58:00,104,Male,64,Beauty,2,500,195,1000,,,
328,31-12-2023,06:56:00,9,Male,39,Beauty,2,50,27,100,,,
383,01-01-2024,08:53:00,64,Female,46,Beauty,3,30,7.8,90,,,
973,02-01-2024,08:44:00,51,Male,60,Clothing,1,50,13,50,,,
978,03-01-2024,09:58:00,16,Female,53,Clothing,3,50,19,150,,,
1161,04-01-2024,11:06:00,30,Male,64,Beauty,2,500,160,1000,,,
1328,05-01-2024,07:49:00,60,Male,39,Beauty,2,50,24.5,100,,,
1383,06-01-2024,09:13:00,68,Female,46,Beauty,3,30,14.1,90,,,
1973,07-01-2024,10:10:00,22,Male,60,Clothing,1,50,21.5,50,,,
1978,08-01-2024,11:59:00,41,Female,53,Clothing,3,50,15.5,150,,,
33,09-01-2024,07:40:00,33,Female,50,Electronics,2,50,21,100,,,
138,10-01-2024,10:56:00,127,Male,49,Clothing,4,50,26.5,200,,,
471,11-01-2024,10:21:00,136,Male,32,Clothing,3,50,13,150,,,
636,12-01-2024,06:15:00,60,Female,21,Beauty,3,500,230,1500,,,
1033,13-01-2024,06:52:00,32,Female,50,Electronics,2,50,19,100,,,
1138,14-01-2024,11:59:00,27,Male,49,Clothing,4,50,14.5,200,,,
1471,15-01-2024,10:34:00,30,Male,32,Clothing,3,50,13,150,,,
1636,16-01-2024,11:26:00,50,Female,21,Beauty,3,500,150,1500,,,
177,17-01-2024,08:40:00,30,Male,45,Beauty,2,50,26.5,100,,,
426,18-01-2024,08:11:00,137,Male,23,Electronics,3,50,12.5,150,,,
1177,19-01-2024,09:19:00,89,Male,45,Beauty,2,50,15,100,,,
1426,20-01-2024,11:32:00,114,Male,23,Electronics,3,50,25,150,,,
76,21-01-2024,07:33:00,70,Female,22,Electronics,2,50,14.5,100,,,
91,22-01-2024,06:31:00,152,Female,55,Electronics,1,500,235,500,,,
461,23-01-2024,10:33:00,21,Female,18,Beauty,2,500,265,1000,,,
764,24-01-2024,08:46:00,47,Female,40,Clothing,1,25,11.25,25,,,
1076,25-01-2024,11:09:00,99,Female,22,Electronics,2,50,15,100,,,
1091,26-01-2024,08:46:00,139,Female,55,Electronics,1,500,235,500,,,
1461,27-01-2024,08:43:00,63,Female,18,Beauty,2,500,180,1000,,,
1764,28-01-2024,11:04:00,13,Female,40,Clothing,1,25,11.75,25,,,
202,29-01-2024,06:24:00,61,Female,34,Clothing,4,300,120,1200,,,
301,30-01-2024,10:58:00,104,Male,30,Clothing,4,30,9.6,120,,,
703,31-01-2024,09:56:00,140,Male,34,Electronics,2,50,18.5,100,,,
1202,01-02-2024,06:56:00,89,Female,34,Clothing,4,300,144,1200,,,
1301,02-02-2024,09:58:00,70,Male,30,Clothing,4,30,10.5,120,,,
1703,03-02-2024,08:36:00,2,Male,34,Electronics,2,50,17,100,,,
294,04-02-2024,09:24:00,89,Female,23,Clothing,3,30,15.3,90,,,
760,05-02-2024,07:59:00,14,Male,27,Beauty,1,500,125,500,,,
1294,06-02-2024,11:24:00,8,Female,23,Clothing,3,30,10.5,90,,,
1760,07-02-2024,07:26:00,44,Male,27,Beauty,1,500,230,500,,,
575,08-02-2024,10:29:00,14,Male,60,Clothing,2,50,23,100,,,
1575,09-02-2024,11:54:00,26,Male,60,Clothing,2,50,22.5,100,,,
88,10-02-2024,08:31:00,122,Male,56,Clothing,1,500,185,500,,,
1088,11-02-2024,07:00:00,6,Male,56,Clothing,1,500,155,500,,,
975,12-02-2024,07:41:00,145,Female,56,Clothing,4,50,19.5,200,,,
1975,13-02-2024,10:48:00,63,Female,56,Clothing,4,50,25.5,200,,,
553,14-02-2024,06:17:00,106,Male,24,Clothing,4,300,81,1200,,,
1553,15-02-2024,08:46:00,42,Male,24,Clothing,4,300,99,1200,,,
462,16-02-2024,10:04:00,71,Male,63,Electronics,4,300,132,1200,,,
614,17-02-2024,06:28:00,61,Female,39,Beauty,4,300,120,1200,,,
808,18-02-2024,07:18:00,30,Male,33,Beauty,4,500,195,2000,,,
1462,19-02-2024,10:42:00,124,Male,63,Electronics,4,300,114,1200,,,
1614,20-02-2024,11:37:00,135,Female,39,Beauty,4,300,105,1200,,,
1808,21-02-2024,10:48:00,109,Male,33,Beauty,4,500,210,2000,,,
166,22-02-2024,11:42:00,32,Male,34,Clothing,4,500,225,2000,,,
465,23-02-2024,11:52:00,40,Female,43,Electronics,3,50,15.5,150,,,
502,24-02-2024,11:00:00,31,Male,43,Electronics,3,50,22.5,150,,,
905,25-02-2024,06:27:00,96,Male,58,Beauty,1,300,111,300,,,
1166,26-02-2024,07:45:00,65,Male,34,Clothing,4,500,245,2000,,,
1465,27-02-2024,09:36:00,131,Female,43,Electronics,3,50,26,150,,,
1502,28-02-2024,08:30:00,152,Male,43,Electronics,3,50,18,150,,,
1905,29-02-2024,06:07:00,26,Male,58,Beauty,1,300,102,300,,,
280,01-03-2024,09:35:00,76,Female,37,Clothing,3,500,240,1500,,,
719,02-03-2024,07:19:00,37,Female,42,Clothing,2,30,12,60,,,
834,03-03-2024,06:55:00,13,Female,56,Beauty,2,30,14.7,60,,,
1280,04-03-2024,09:15:00,116,Female,37,Clothing,3,500,255,1500,,,
1719,05-03-2024,07:29:00,4,Female,42,Clothing,2,30,10.8,60,,,
1834,06-03-2024,06:53:00,102,Female,56,Beauty,2,30,12.9,60,,,
891,07-03-2024,06:43:00,24,Male,41,Electronics,3,300,99,900,,,
928,08-03-2024,10:20:00,54,Female,35,Clothing,4,300,90,1200,,,
1891,09-03-2024,06:11:00,81,Male,41,Electronics,3,300,105,900,,,
1928,10-03-2024,06:39:00,93,Female,35,Clothing,4,300,75,1200,,,
332,11-03-2024,11:28:00,138,Male,58,Electronics,4,300,105,1200,,,
1332,12-03-2024,10:02:00,146,Male,58,Electronics,4,300,123,1200,,,
255,13-03-2024,11:44:00,19,Male,48,Clothing,1,30,14.7,30,,,
275,14-03-2024,11:34:00,2,Male,43,Clothing,2,500,260,1000,,,
314,15-03-2024,07:37:00,1,Male,52,Clothing,4,30,7.8,120,,,
517,16-03-2024,08:54:00,3,Female,47,Clothing,4,25,9.25,100,,,
847,17-03-2024,08:42:00,2,Female,18,Electronics,4,300,162,1200,,,
1255,18-03-2024,07:08:00,4,Male,48,Clothing,1,30,7.8,30,,,
1275,19-03-2024,08:48:00,5,Male,43,Clothing,2,500,250,1000,,,
1314,20-03-2024,10:26:00,2,Male,52,Clothing,4,30,16.2,120,,,
1517,21-03-2024,08:46:00,2,Female,47,Clothing,4,25,6.75,100,,,
1847,22-03-2024,07:14:00,5,Female,18,Electronics,4,300,123,1200,,,
61,23-03-2024,11:47:00,4,Male,21,Beauty,4,50,20,200,,,
274,24-03-2024,07:12:00,4,Female,23,Clothing,2,500,150,1000,,,
486,25-03-2024,09:47:00,4,Female,35,Electronics,1,25,6.5,25,,,
548,26-03-2024,07:00:00,4,Female,51,Clothing,2,30,15.6,60,,,
886,27-03-2024,11:25:00,4,Male,37,Electronics,3,300,165,900,,,
892,28-03-2024,11:39:00,1,Male,20,Electronics,1,50,24,50,,,
1061,29-03-2024,07:56:00,3,Male,21,Beauty,4,50,12.5,200,,,
1274,30-03-2024,09:01:00,2,Female,23,Clothing,2,500,185,1000,,,
1486,31-03-2024,08:58:00,4,Female,35,Electronics,1,25,8.75,25,,,
1548,01-04-2024,08:15:00,1,Female,51,Clothing,2,30,12.6,60,,,
1886,02-04-2024,11:51:00,1,Male,37,Electronics,3,300,147,900,,,
1892,03-04-2024,07:22:00,3,Male,20,Electronics,1,50,23.5,50,,,
601,04-04-2024,09:23:00,5,Male,19,Clothing,1,30,13.2,30,,,
901,05-04-2024,06:38:00,2,Male,31,Electronics,1,30,12,30,,,
1601,06-04-2024,11:48:00,1,Male,19,Clothing,1,30,13.5,30,,,
1901,07-04-2024,11:05:00,4,Male,31,Electronics,1,30,8.4,30,,,
527,08-04-2024,11:35:00,1,Male,57,Clothing,2,25,11.5,50,,,
1527,09-04-2024,08:30:00,1,Male,57,Clothing,2,25,11.75,50,,,
23,10-04-2024,07:05:00,4,Female,35,Clothing,4,30,14.7,120,,,
174,11-04-2024,06:07:00,2,Female,39,Beauty,1,300,126,300,,,
589,12-04-2024,07:11:00,5,Female,36,Beauty,2,500,145,1000,,,
774,13-04-2024,09:04:00,2,Female,40,Clothing,2,25,6.5,50,,,
1000,14-04-2024,10:22:00,1,Male,47,Electronics,4,30,8.4,120,,,
1023,15-04-2024,08:40:00,5,Female,35,Clothing,4,30,8.1,120,,,
1174,16-04-2024,06:55:00,2,Female,39,Beauty,1,300,132,300,,,
1589,17-04-2024,06:30:00,5,Female,36,Beauty,2,500,145,1000,,,
1774,18-04-2024,06:48:00,2,Female,40,Clothing,2,25,8,50,,,
2000,19-04-2024,06:38:00,4,Male,47,Electronics,4,30,10.8,120,,,
210,20-04-2024,08:50:00,2,Male,37,Electronics,4,50,19,200,,,
478,21-04-2024,11:13:00,3,Female,58,Clothing,2,30,8.1,60,,,
745,22-04-2024,07:30:00,3,Male,54,Beauty,2,50,17,100,,,
1210,23-04-2024,10:02:00,5,Male,37,Electronics,4,50,12.5,200,,,
1478,24-04-2024,09:18:00,1,Female,58,Clothing,2,30,13.5,60,,,
1745,25-04-2024,10:38:00,4,Male,54,Beauty,2,50,21,100,,,
354,26-04-2024,07:58:00,5,Female,49,Beauty,4,50,24.5,200,,,
408,27-04-2024,08:18:00,4,Female,64,Beauty,1,500,140,500,,,
1354,28-04-2024,09:34:00,5,Female,49,Beauty,4,50,26.5,200,,,
1408,29-04-2024,08:17:00,2,Female,64,Beauty,1,500,250,500,,,
674,30-04-2024,11:10:00,2,Female,38,Clothing,1,300,84,300,,,
1674,01-05-2024,09:21:00,1,Female,38,Clothing,1,300,123,300,,,
967,02-05-2024,10:13:00,4,Male,62,Beauty,1,25,13.25,25,,,
1967,03-05-2024,08:28:00,4,Male,62,Beauty,1,25,12.25,25,,,
79,04-05-2024,10:15:00,1,Male,34,Beauty,1,300,96,300,,,
406,05-05-2024,11:50:00,3,Female,22,Beauty,4,25,11,100,,,
450,06-05-2024,06:35:00,2,Female,59,Beauty,2,25,11,50,,,
562,07-05-2024,09:26:00,3,Male,54,Electronics,2,25,7.25,50,,,
1079,08-05-2024,06:45:00,1,Male,34,Beauty,1,300,117,300,,,
1406,09-05-2024,08:45:00,2,Female,22,Beauty,4,25,10,100,,,
1450,10-05-2024,08:52:00,1,Female,59,Beauty,2,25,10.25,50,,,
1562,11-05-2024,10:21:00,5,Male,54,Electronics,2,25,12.75,50,,,
108,12-05-2024,09:38:00,5,Female,27,Beauty,3,25,13.5,75,,,
111,13-05-2024,09:45:00,5,Female,34,Electronics,3,500,130,1500,,,
207,14-05-2024,08:34:00,3,Female,42,Beauty,2,25,10.25,50,,,
724,15-05-2024,06:56:00,3,Male,61,Clothing,3,50,20,150,,,
836,16-05-2024,06:32:00,2,Female,22,Clothing,1,50,27.5,50,,,
969,17-05-2024,11:47:00,2,Female,40,Clothing,3,300,84,900,,,
1108,18-05-2024,10:27:00,1,Female,27,Beauty,3,25,10,75,,,
1111,19-05-2024,21:34:00,2,Female,34,Electronics,3,500,185,1500,,,
1207,20-05-2024,21:48:00,3,Female,42,Beauty,2,25,10,50,,,
1724,21-05-2024,20:53:00,4,Male,61,Clothing,3,50,17,150,,,
1836,22-05-2024,17:19:00,3,Female,22,Clothing,1,50,23.5,50,,,
1969,23-05-2024,19:34:00,4,Female,40,Clothing,3,300,126,900,,,
246,24-05-2024,20:05:00,4,Female,48,Electronics,2,25,13.25,50,,,
298,25-05-2024,19:05:00,3,Male,27,Beauty,4,300,84,1200,,,
374,26-05-2024,17:45:00,4,Female,59,Beauty,3,25,7.75,75,,,
572,27-05-2024,18:33:00,5,Male,31,Clothing,4,500,185,2000,,,
665,28-05-2024,22:49:00,1,Male,57,Clothing,1,50,19,50,,,
1246,29-05-2024,22:54:00,3,Female,48,Electronics,2,25,11.5,50,,,
1298,30-05-2024,19:51:00,1,Male,27,Beauty,4,300,120,1200,,,
1374,31-05-2024,22:03:00,3,Female,59,Beauty,3,25,8.25,75,,,
1572,01-06-2024,22:20:00,1,Male,31,Clothing,4,500,175,2000,,,
1665,02-06-2024,19:38:00,4,Male,57,Clothing,1,50,14,50,,,
39,03-06-2024,22:44:00,5,Male,23,Clothing,4,30,8.7,120,,,
893,04-06-2024,18:52:00,1,Male,49,Electronics,1,50,17,50,,,
1039,05-06-2024,20:01:00,1,Male,23,Clothing,4,30,13.8,120,,,
1893,06-06-2024,17:04:00,3,Male,49,Electronics,1,50,22.5,50,,,
17,07-06-2024,21:08:00,3,Female,27,Clothing,4,25,13,100,,,
316,08-06-2024,17:25:00,3,Female,48,Clothing,2,25,13.75,50,,,
755,09-06-2024,20:07:00,1,Female,58,Clothing,3,25,6.75,75,,,
1017,10-06-2024,18:41:00,2,Female,27,Clothing,4,25,12,100,,,
1316,11-06-2024,17:11:00,1,Female,48,Clothing,2,25,11.75,50,,,
1755,12-06-2024,21:47:00,2,Female,58,Clothing,3,25,8,75,,,
28,13-06-2024,22:34:00,3,Female,43,Beauty,1,500,150,500,,,
98,14-06-2024,19:41:00,1,Female,55,Beauty,2,50,19.5,100,,,
129,15-06-2024,17:42:00,1,Female,21,Beauty,2,300,75,600,,,
230,16-06-2024,17:44:00,5,Male,54,Beauty,1,25,12.5,25,,,
613,17-06-2024,17:23:00,2,Female,52,Clothing,3,30,11.4,90,,,
691,18-06-2024,21:09:00,5,Female,51,Clothing,3,30,14.7,90,,,
693,19-06-2024,17:12:00,1,Male,41,Beauty,3,500,270,1500,,,
1028,20-06-2024,18:09:00,1,Female,43,Beauty,1,500,250,500,,,
1098,21-06-2024,22:34:00,3,Female,55,Beauty,2,50,19.5,100,,,
1129,22-06-2024,21:46:00,1,Female,21,Beauty,2,300,156,600,,,
1230,23-06-2024,21:24:00,1,Male,54,Beauty,1,25,13.25,25,,,
1613,24-06-2024,21:58:00,4,Female,52,Clothing,3,30,9.9,90,,,
1691,25-06-2024,20:01:00,1,Female,51,Clothing,3,30,13.5,90,,,
1693,26-06-2024,18:21:00,1,Male,41,Beauty,3,500,130,1500,,,
477,27-06-2024,17:24:00,3,Male,43,Clothing,4,30,16.2,120,,,
863,28-06-2024,22:40:00,4,Female,30,Electronics,2,25,11.25,50,,,
1477,29-06-2024,21:59:00,3,Male,43,Clothing,4,30,15.6,120,,,
1863,30-06-2024,22:33:00,4,Female,30,Electronics,2,25,10,50,,,
6,01-07-2024,22:16:00,2,Female,45,Beauty,1,30,15,30,,,
483,02-07-2024,17:25:00,2,Male,55,Clothing,1,30,8.4,30,,,
738,03-07-2024,18:24:00,5,Male,41,Clothing,2,50,26,100,,,
1006,04-07-2024,19:23:00,2,Female,45,Beauty,1,30,14.1,30,,,
1483,05-07-2024,19:53:00,1,Male,55,Clothing,1,30,8.7,30,,,
1738,06-07-2024,21:33:00,1,Male,41,Clothing,2,50,16,100,,,
222,07-07-2024,18:56:00,4,Male,51,Clothing,4,30,10.5,120,,,
588,08-07-2024,17:54:00,5,Male,38,Electronics,2,30,13.8,60,,,
953,09-07-2024,17:58:00,1,Male,45,Beauty,3,30,12.6,90,,,
1222,10-07-2024,18:15:00,3,Male,51,Clothing,4,30,11.1,120,,,
1588,11-07-2024,21:29:00,4,Male,38,Electronics,2,30,13.2,60,,,
1953,12-07-2024,17:34:00,3,Male,45,Beauty,3,30,10.2,90,,,
66,13-07-2024,22:49:00,3,Female,45,Electronics,1,30,9,30,,,
482,14-07-2024,18:57:00,3,Female,28,Clothing,4,300,141,1200,,,
903,15-07-2024,22:14:00,3,Female,51,Beauty,4,50,14,200,,,
1066,16-07-2024,18:11:00,4,Female,45,Electronics,1,30,8.4,30,,,
1482,17-07-2024,22:22:00,1,Female,28,Clothing,4,300,114,1200,,,
1903,18-07-2024,21:44:00,5,Female,51,Beauty,4,50,19,200,,,
102,19-07-2024,21:34:00,5,Female,47,Beauty,2,25,7.25,50,,,
228,20-07-2024,20:26:00,4,Female,59,Electronics,2,30,10.8,60,,,
236,21-07-2024,22:18:00,5,Female,54,Clothing,1,25,6.5,25,,,
1102,22-07-2024,18:04:00,5,Female,47,Beauty,2,25,6.5,50,,,
1228,23-07-2024,21:37:00,5,Female,59,Electronics,2,30,11.4,60,,,
1236,24-07-2024,18:19:00,4,Female,54,Clothing,1,25,8.75,25,,,
660,25-07-2024,18:46:00,2,Female,38,Beauty,2,500,270,1000,,,
884,26-07-2024,20:31:00,1,Female,26,Clothing,2,30,7.5,60,,,
987,27-07-2024,18:45:00,1,Female,30,Clothing,3,300,165,900,,,
1660,28-07-2024,20:27:00,2,Female,38,Beauty,2,500,160,1000,,,
1884,29-07-2024,21:45:00,2,Female,26,Clothing,2,30,11.4,60,,,
1987,30-07-2024,18:18:00,2,Female,30,Clothing,3,300,129,900,,,
18,31-07-2024,19:13:00,5,Female,47,Electronics,2,25,12.5,50,,,
69,01-08-2024,22:44:00,1,Female,56,Beauty,3,25,8.5,75,,,
995,02-08-2024,22:38:00,4,Female,41,Clothing,1,30,9.9,30,,,
1018,03-08-2024,19:13:00,4,Female,47,Electronics,2,25,13,50,,,
1069,04-08-2024,19:05:00,2,Female,56,Beauty,3,25,6.75,75,,,
1995,05-08-2024,22:18:00,5,Female,41,Clothing,1,30,14.7,30,,,
337,06-08-2024,17:56:00,1,Male,38,Clothing,1,500,275,500,,,
585,07-08-2024,21:49:00,3,Female,24,Clothing,1,25,13.75,25,,,
652,08-08-2024,17:05:00,4,Female,34,Beauty,2,50,20.5,100,,,
1337,09-08-2024,19:56:00,2,Male,38,Clothing,1,500,225,500,,,
1585,10-08-2024,20:00:00,2,Female,24,Clothing,1,25,7.25,25,,,
1652,11-08-2024,20:00:00,2,Female,34,Beauty,2,50,20.5,100,,,
242,12-08-2024,18:28:00,1,Male,21,Clothing,1,25,8,25,,,
293,13-08-2024,19:04:00,4,Male,50,Electronics,3,30,9.6,90,,,
460,14-08-2024,23:00:00,2,Male,40,Beauty,1,50,19,50,,,
1242,15-08-2024,18:32:00,5,Male,21,Clothing,1,25,11.25,25,,,
1293,16-08-2024,18:52:00,3,Male,50,Electronics,3,30,14.1,90,,,
1460,17-08-2024,19:42:00,4,Male,40,Beauty,1,50,22,50,,,
188,18-08-2024,18:50:00,3,Male,40,Clothing,3,25,8.5,75,,,
357,19-08-2024,18:57:00,4,Female,40,Electronics,3,25,7.5,75,,,
646,20-08-2024,21:02:00,3,Male,38,Clothing,3,30,13.5,90,,,
749,21-08-2024,20:33:00,2,Male,42,Beauty,1,30,8.4,30,,,
974,22-08-2024,18:39:00,3,Male,47,Beauty,1,30,11.7,30,,,
1188,23-08-2024,22:43:00,2,Male,40,Clothing,3,25,10.75,75,,,
1357,24-08-2024,19:14:00,3,Female,40,Electronics,3,25,11.5,75,,,
1646,25-08-2024,19:43:00,1,Male,38,Clothing,3,30,15.6,90,,,
1749,26-08-2024,19:55:00,2,Male,42,Beauty,1,30,9,30,,,
1974,27-08-2024,20:20:00,3,Male,47,Beauty,1,30,12.9,30,,,
190,28-08-2024,17:56:00,2,Female,60,Beauty,3,30,10.5,90,,,
849,29-08-2024,19:33:00,5,Male,32,Clothing,2,25,12.5,50,,,
853,30-08-2024,22:29:00,3,Male,21,Beauty,2,500,155,1000,,,
1190,31-08-2024,21:00:00,4,Female,60,Beauty,3,30,10.8,90,,,
1849,01-09-2024,22:42:00,1,Male,32,Clothing,2,25,12,50,,,
1853,02-09-2024,18:39:00,2,Male,21,Beauty,2,500,190,1000,,,
252,03-09-2024,17:37:00,1,Male,54,Electronics,1,300,84,300,,,
606,04-09-2024,20:19:00,2,Male,22,Electronics,1,50,19.5,50,,,
779,05-09-2024,19:19:00,3,Female,56,Electronics,2,500,155,1000,,,
824,06-09-2024,19:10:00,3,Male,63,Clothing,4,30,9.3,120,,,
866,07-09-2024,18:16:00,4,Male,24,Electronics,1,50,22.5,50,,,
1252,08-09-2024,20:18:00,5,Male,54,Electronics,1,300,117,300,,,
1606,09-09-2024,19:52:00,2,Male,22,Electronics,1,50,26.5,50,,,
1779,10-09-2024,19:45:00,3,Female,56,Electronics,2,500,190,1000,,,
1824,11-09-2024,20:19:00,4,Male,63,Clothing,4,30,12.6,120,,,
1866,12-09-2024,22:38:00,5,Male,24,Electronics,1,50,20,50,,,
5,13-09-2024,22:10:00,3,Male,30,Beauty,2,50,24,100,,,
90,14-09-2024,17:53:00,3,Female,51,Electronics,1,30,13.5,30,,,
380,15-09-2024,22:26:00,2,Male,56,Electronics,2,300,102,600,,,
593,16-09-2024,22:05:00,2,Male,35,Electronics,2,30,13.2,60,,,
820,17-09-2024,22:49:00,1,Male,49,Electronics,4,50,24,200,,,
1005,18-09-2024,20:38:00,2,Male,30,Beauty,2,50,17.5,100,,,
1090,19-09-2024,19:54:00,4,Female,51,Electronics,1,30,7.5,30,,,
1380,20-09-2024,19:45:00,3,Male,56,Electronics,2,300,159,600,,,
1593,21-09-2024,22:39:00,5,Male,35,Electronics,2,30,14.4,60,,,
1820,22-09-2024,21:31:00,1,Male,49,Electronics,4,50,22,200,,,
120,23-09-2024,19:35:00,4,Male,60,Beauty,1,50,12.5,50,,,
221,24-09-2024,21:01:00,3,Male,39,Beauty,2,300,111,600,,,
341,25-09-2024,17:06:00,5,Male,31,Clothing,4,50,18.5,200,,,
640,26-09-2024,20:05:00,3,Female,51,Electronics,4,30,12.6,120,,,
744,27-09-2024,18:02:00,1,Male,40,Electronics,1,25,6.5,25,,,
1120,28-09-2024,19:32:00,4,Male,60,Beauty,1,50,26.5,50,,,
1221,29-09-2024,22:57:00,5,Male,39,Beauty,2,300,114,600,,,
1341,30-09-2024,22:10:00,1,Male,31,Clothing,4,50,21,200,,,
1640,01-10-2024,19:44:00,5,Female,51,Electronics,4,30,14.1,120,,,
1744,02-10-2024,21:49:00,4,Male,40,Electronics,1,25,8.75,25,,,
273,03-10-2024,20:24:00,1,Female,22,Beauty,1,50,14.5,50,,,
283,04-10-2024,20:08:00,3,Female,18,Electronics,1,500,165,500,,,
452,05-10-2024,22:41:00,4,Female,48,Clothing,3,500,240,1500,,,
469,06-10-2024,19:24:00,4,Male,18,Beauty,3,25,8.75,75,,,
620,07-10-2024,20:59:00,4,Male,63,Electronics,3,25,7,75,,,
946,08-10-2024,20:15:00,2,Male,62,Electronics,4,500,235,2000,,,
1273,09-10-2024,20:39:00,1,Female,22,Beauty,1,50,25.5,50,,,
1283,10-10-2024,20:15:00,1,Female,18,Electronics,1,500,130,500,,,
1452,11-10-2024,17:41:00,3,Female,48,Clothing,3,500,185,1500,,,
1469,12-10-2024,17:22:00,3,Male,18,Beauty,3,25,12.5,75,,,
1620,13-10-2024,22:48:00,5,Male,63,Electronics,3,25,7.75,75,,,
1946,14-10-2024,20:48:00,5,Male,62,Electronics,4,500,165,2000,,,
148,15-10-2024,20:39:00,5,Male,18,Clothing,2,30,9.9,60,,,
414,16-10-2024,19:40:00,1,Male,48,Beauty,4,25,9.75,100,,,
883,17-10-2024,20:43:00,5,Male,40,Electronics,1,500,245,500,,,
1148,18-10-2024,22:04:00,2,Male,18,Clothing,2,30,10.8,60,,,
1414,19-10-2024,21:28:00,4,Male,48,Beauty,4,25,11.25,100,,,
1883,20-10-2024,17:54:00,3,Male,40,Electronics,1,500,200,500,,,
731,21-10-2024,18:49:00,1,Male,54,Clothing,4,500,165,2000,,,
930,22-10-2024,17:54:00,1,Male,54,Clothing,4,50,26,200,,,
1731,23-10-2024,17:41:00,3,Male,54,Clothing,4,500,195,2000,,,
1930,24-10-2024,19:58:00,5,Male,54,Clothing,4,50,13,200,,,
518,25-10-2024,17:01:00,2,Female,40,Clothing,1,30,16.2,30,,,
1518,26-10-2024,20:03:00,3,Female,40,Clothing,1,30,12.6,30,,,
758,27-10-2024,18:30:00,1,Male,64,Clothing,4,25,6.75,100,,,
1758,28-10-2024,18:19:00,3,Male,64,Clothing,4,25,7.5,100,,,
639,29-10-2024,19:47:00,4,Female,62,Beauty,4,50,26.5,200,,,
838,30-10-2024,21:20:00,1,Male,47,Electronics,2,300,153,600,,,
1639,31-10-2024,18:13:00,5,Female,62,Beauty,4,50,24,200,,,
1838,01-11-2024,17:06:00,4,Male,47,Electronics,2,300,102,600,,,
353,02-11-2024,21:35:00,5,Male,31,Electronics,1,500,270,500,,,
501,03-11-2024,20:21:00,2,Male,39,Electronics,2,30,9,60,,,
721,04-11-2024,17:10:00,5,Female,52,Clothing,1,500,145,500,,,
1353,05-11-2024,21:59:00,3,Male,31,Electronics,1,500,235,500,,,
1501,06-11-2024,18:00:00,1,Male,39,Electronics,2,30,13.5,60,,,
1721,07-11-2024,22:42:00,3,Female,52,Clothing,1,500,215,500,,,
123,08-11-2024,19:00:00,3,Female,40,Electronics,2,30,11.7,60,,,
164,09-11-2024,18:26:00,3,Female,47,Beauty,3,500,185,1500,,,
425,10-11-2024,18:28:00,2,Female,55,Electronics,4,30,15.6,120,,,
1123,11-11-2024,21:04:00,1,Female,40,Electronics,2,30,10.8,60,,,
1164,12-11-2024,20:53:00,1,Female,47,Beauty,3,500,245,1500,,,
1425,13-11-2024,22:15:00,1,Female,55,Electronics,4,30,10.2,120,,,
48,14-11-2024,17:34:00,2,Male,54,Electronics,3,300,123,900,,,
118,15-11-2024,20:07:00,3,Female,30,Electronics,4,500,270,2000,,,
203,16-11-2024,21:33:00,4,Male,56,Clothing,2,500,175,1000,,,
305,17-11-2024,22:09:00,4,Female,18,Beauty,1,30,14.4,30,,,
358,18-11-2024,18:32:00,4,Female,32,Beauty,1,300,132,300,,,
376,19-11-2024,18:21:00,4,Female,64,Beauty,1,30,12,30,,,
398,20-11-2024,21:17:00,5,Female,48,Clothing,2,300,114,600,,,
411,21-11-2024,20:04:00,3,Male,62,Electronics,4,50,24.5,200,,,
504,22-11-2024,18:07:00,4,Female,38,Beauty,3,50,22,150,,,
970,23-11-2024,18:13:00,2,Male,59,Electronics,4,500,220,2000,,,
996,24-11-2024,17:38:00,2,Male,62,Clothing,1,50,13.5,50,,,
1048,25-11-2024,19:14:00,3,Male,54,Electronics,3,300,93,900,,,
1118,26-11-2024,17:24:00,1,Female,30,Electronics,4,500,170,2000,,,
1203,27-11-2024,18:36:00,2,Male,56,Clothing,2,500,145,1000,,,
1305,28-11-2024,18:24:00,5,Female,18,Beauty,1,30,7.8,30,,,
1358,29-11-2024,21:40:00,5,Female,32,Beauty,1,300,156,300,,,
1376,30-11-2024,19:49:00,3,Female,64,Beauty,1,30,9.9,30,,,
1398,01-12-2024,17:20:00,1,Female,48,Clothing,2,300,120,600,,,
1411,02-12-2024,20:27:00,1,Male,62,Electronics,4,50,26,200,,,
1504,03-12-2024,17:01:00,4,Female,38,Beauty,3,50,25.5,150,,,
1970,04-12-2024,17:44:00,5,Male,59,Electronics,4,500,230,2000,,,
1996,05-12-2024,18:49:00,2,Male,62,Clothing,1,50,25,50,,,
81,06-12-2024,22:48:00,4,Male,40,Electronics,1,50,14.5,50,,,
155,07-12-2024,18:05:00,3,Male,31,Electronics,4,500,150,2000,,,
470,08-12-2024,18:58:00,4,Female,57,Clothing,2,500,165,1000,,,
1081,09-12-2024,22:23:00,5,Male,40,Electronics,1,50,17,50,,,
1155,10-12-2024,18:22:00,3,Male,31,Electronics,4,500,255,2000,,,
1470,11-12-2024,19:47:00,1,Female,57,Clothing,2,500,165,1000,,,
106,12-12-2024,18:58:00,1,Female,46,Clothing,1,50,15,50,,,
818,13-12-2024,18:56:00,4,Male,30,Electronics,1,500,265,500,,,
1106,14-12-2024,17:50:00,3,Female,46,Clothing,1,50,14,50,,,
1818,15-12-2024,17:29:00,4,Male,30,Electronics,1,500,150,500,,,
94,16-12-2024,22:39:00,5,Female,47,Beauty,2,500,250,1000,,,
811,17-12-2024,18:34:00,2,Male,61,Beauty,2,25,6.75,50,,,
881,18-12-2024,20:52:00,4,Male,22,Electronics,1,300,99,300,,,
1094,19-12-2024,20:34:00,1,Female,47,Beauty,2,500,210,1000,,,
1811,20-12-2024,21:58:00,5,Male,61,Beauty,2,25,8.5,50,,,
1881,21-12-2024,17:23:00,5,Male,22,Electronics,1,300,147,300,,,
403,22-12-2024,19:31:00,5,Male,32,Clothing,2,300,78,600,,,
653,23-12-2024,22:53:00,3,Male,54,Clothing,3,25,9.25,75,,,
694,24-12-2024,17:47:00,3,Female,39,Electronics,2,25,10,50,,,
1403,25-12-2024,18:20:00,4,Male,32,Clothing,2,300,162,600,,,
1653,26-12-2024,19:34:00,2,Male,54,Clothing,3,25,12.75,75,,,
1694,27-12-2024,19:22:00,4,Female,39,Electronics,2,25,9.75,50,,,
4,28-12-2024,18:12:00,3,Male,37,Clothing,1,500,200,500,,,
647,29-12-2024,19:53:00,5,Male,59,Clothing,3,500,190,1500,,,
911,30-12-2024,17:29:00,3,Male,42,Electronics,3,300,84,900,,,
1004,31-12-2024,21:46:00,2,Male,37,Clothing,1,500,230,500,,,
1647,01-01-2025,20:26:00,5,Male,59,Clothing,3,500,240,1500,,,
1911,02-01-2025,18:33:00,4,Male,42,Electronics,3,300,75,900,,,
419,03-01-2025,19:18:00,5,Female,44,Clothing,3,30,11.7,90,,,
642,04-01-2025,21:40:00,1,Female,54,Clothing,4,25,12,100,,,
843,05-01-2025,22:46:00,3,Male,21,Beauty,3,500,180,1500,,,
895,06-01-2025,21:51:00,3,Female,55,Clothing,4,30,14.4,120,,,
1419,07-01-2025,18:42:00,3,Female,44,Clothing,3,30,9.3,90,,,
1642,08-01-2025,18:30:00,4,Female,54,Clothing,4,25,11.5,100,,,
1843,09-01-2025,18:58:00,1,Male,21,Beauty,3,500,240,1500,,,
1895,10-01-2025,20:59:00,4,Female,55,Clothing,4,30,15.3,120,,,
31,11-01-2025,17:47:00,3,Male,44,Electronics,4,300,129,1200,,,
37,12-01-2025,22:42:00,2,Female,18,Beauty,3,25,8.75,75,,,
72,13-01-2025,19:19:00,5,Female,20,Electronics,4,500,195,2000,,,
243,14-01-2025,18:02:00,5,Female,47,Electronics,3,300,156,900,,,
281,15-01-2025,20:09:00,4,Female,29,Beauty,4,500,275,2000,,,
489,16-01-2025,22:01:00,1,Male,44,Electronics,1,30,14.4,30,,,
491,17-01-2025,21:11:00,4,Female,60,Electronics,3,300,78,900,,,
729,18-01-2025,22:29:00,3,Male,29,Clothing,4,300,84,1200,,,
822,19-01-2025,17:39:00,3,Female,52,Beauty,3,50,13.5,150,,,
1031,20-01-2025,21:15:00,3,Male,44,Electronics,4,300,126,1200,,,
1037,21-01-2025,17:38:00,2,Female,18,Beauty,3,25,11.5,75,,,
1072,22-01-2025,18:10:00,4,Female,20,Electronics,4,500,180,2000,,,
1243,23-01-2025,17:11:00,4,Female,47,Electronics,3,300,138,900,,,
1281,24-01-2025,19:34:00,4,Female,29,Beauty,4,500,165,2000,,,
1489,25-01-2025,18:30:00,2,Male,44,Electronics,1,30,10.5,30,,,
1491,26-01-2025,22:14:00,107,Female,60,Electronics,3,300,129,900,,,
1729,27-01-2025,18:55:00,82,Male,29,Clothing,4,300,81,1200,,,
1822,28-01-2025,17:15:00,15,Female,52,Beauty,3,50,21,150,,,
840,29-01-2025,18:59:00,60,Male,62,Clothing,2,25,11.75,50,,,
1840,30-01-2025,20:22:00,138,Male,62,Clothing,2,25,11,50,,,
404,31-01-2025,19:55:00,59,Male,46,Electronics,2,500,160,1000,,,
899,01-02-2025,21:34:00,147,Male,26,Clothing,2,300,153,600,,,
990,02-02-2025,21:45:00,68,Female,58,Beauty,2,500,235,1000,,,
1404,03-02-2025,18:15:00,155,Male,46,Electronics,2,500,185,1000,,,
1899,04-02-2025,21:03:00,51,Male,26,Clothing,2,300,99,600,,,
1990,05-02-2025,17:02:00,48,Female,58,Beauty,2,500,155,1000,,,
382,06-02-2025,21:20:00,29,Female,53,Clothing,2,500,245,1000,,,
578,07-02-2025,22:42:00,68,Female,54,Clothing,4,30,9.3,120,,,
923,08-02-2025,17:20:00,62,Male,32,Beauty,3,300,165,900,,,
1382,09-02-2025,18:13:00,139,Female,53,Clothing,2,500,185,1000,,,
1578,10-02-2025,18:43:00,66,Female,54,Clothing,4,30,12,120,,,
1923,11-02-2025,17:38:00,74,Male,32,Beauty,3,300,159,900,,,
307,12-02-2025,22:54:00,32,Female,26,Electronics,2,25,8.5,50,,,
561,13-02-2025,17:04:00,34,Female,64,Clothing,4,500,250,2000,,,
651,14-02-2025,21:02:00,30,Male,51,Clothing,3,50,26,150,,,
1307,15-02-2025,22:11:00,68,Female,26,Electronics,2,25,11.75,50,,,
1561,16-02-2025,19:38:00,16,Female,64,Clothing,4,500,170,2000,,,
1651,17-02-2025,21:29:00,155,Male,51,Clothing,3,50,23.5,150,,,
988,18-02-2025,18:41:00,85,Female,63,Clothing,3,25,8,75,,,
1988,19-02-2025,18:47:00,144,Female,63,Clothing,3,25,7.25,75,,,
67,20-02-2025,20:19:00,119,Female,48,Beauty,4,300,129,1200,,,
1067,21-02-2025,17:01:00,105,Female,48,Beauty,4,300,129,1200,,,
915,22-02-2025,19:06:00,95,Female,26,Beauty,3,30,12.9,90,,,
985,23-02-2025,22:33:00,113,Female,19,Electronics,2,25,9,50,,,
1915,24-02-2025,22:50:00,53,Female,26,Beauty,3,30,9.3,90,,,
1985,25-02-2025,20:15:00,113,Female,19,Electronics,2,25,9.75,50,,,
56,26-02-2025,19:37:00,97,Female,26,Clothing,3,300,120,900,,,
159,27-02-2025,21:30:00,42,Male,26,Clothing,4,50,23.5,200,,,
862,28-02-2025,21:37:00,29,Male,28,Electronics,4,300,78,1200,,,
1056,01-03-2025,19:46:00,54,Female,26,Clothing,3,300,114,900,,,
1159,02-03-2025,18:08:00,41,Male,26,Clothing,4,50,18,200,,,
1862,03-03-2025,22:50:00,64,Male,28,Electronics,4,300,165,1200,,,
315,04-03-2025,18:53:00,122,Male,47,Clothing,2,30,15,60,,,
545,05-03-2025,17:18:00,61,Male,27,Clothing,2,25,8.25,50,,,
902,06-03-2025,17:16:00,108,Female,54,Beauty,1,50,21.5,50,,,
1315,07-03-2025,20:52:00,14,Male,47,Clothing,2,30,12.9,60,,,
1545,08-03-2025,18:21:00,16,Male,27,Clothing,2,25,8.25,50,,,
1902,09-03-2025,17:12:00,97,Female,54,Beauty,1,50,14,50,,,
170,10-03-2025,20:46:00,125,Female,25,Clothing,2,25,12.5,50,,,
685,11-03-2025,22:15:00,90,Male,57,Electronics,2,25,7.75,50,,,
958,12-03-2025,21:14:00,116,Male,62,Electronics,2,25,11,50,,,
1170,13-03-2025,17:13:00,96,Female,25,Clothing,2,25,8,50,,,
1685,14-03-2025,20:32:00,76,Male,57,Electronics,2,25,8.75,50,,,
1958,15-03-2025,19:19:00,125,Male,62,Electronics,2,25,11.75,50,,,
363,16-03-2025,22:51:00,92,Male,64,Beauty,1,25,13.5,25,,,
394,17-03-2025,19:27:00,105,Female,27,Clothing,1,500,165,500,,,
537,18-03-2025,18:07:00,98,Female,21,Beauty,1,500,275,500,,,
1363,19-03-2025,20:27:00,33,Male,64,Beauty,1,25,7.75,25,,,
1394,20-03-2025,20:06:00,14,Female,27,Clothing,1,500,250,500,,,
1537,21-03-2025,17:57:00,116,Female,21,Beauty,1,500,140,500,,,
387,22-03-2025,21:58:00,118,Male,44,Beauty,1,30,9,30,,,
556,23-03-2025,17:37:00,42,Female,18,Electronics,1,50,12.5,50,,,
782,24-03-2025,21:51:00,71,Male,59,Clothing,3,300,150,900,,,
906,25-03-2025,17:55:00,6,Female,20,Clothing,1,50,17,50,,,
1387,26-03-2025,17:48:00,37,Male,44,Beauty,1,30,15.6,30,,,
1556,27-03-2025,19:13:00,35,Female,18,Electronics,1,50,22.5,50,,,
1782,28-03-2025,20:23:00,116,Male,59,Clothing,3,300,141,900,,,
1906,29-03-2025,20:10:00,58,Female,20,Clothing,1,50,26.5,50,,,
560,30-03-2025,22:51:00,7,Female,25,Electronics,1,50,19,50,,,
944,31-03-2025,20:22:00,136,Male,44,Clothing,2,25,12,50,,,
1560,01-04-2025,17:16:00,91,Female,25,Electronics,1,50,18.5,50,,,
1944,02-04-2025,21:08:00,63,Male,44,Clothing,2,25,6.5,50,,,
481,03-04-2025,17:12:00,48,Female,43,Electronics,4,300,114,1200,,,
867,04-04-2025,22:40:00,152,Male,21,Electronics,1,500,185,500,,,
882,05-04-2025,21:41:00,144,Female,64,Electronics,2,25,13.25,50,,,
961,06-04-2025,22:36:00,86,Male,53,Beauty,4,50,23,200,,,
1481,07-04-2025,17:22:00,20,Female,43,Electronics,4,300,114,1200,,,
1867,08-04-2025,19:55:00,144,Male,21,Electronics,1,500,190,500,,,
1882,09-04-2025,20:56:00,15,Female,64,Electronics,2,25,9,50,,,
1961,10-04-2025,21:17:00,95,Male,53,Beauty,4,50,20.5,200,,,
187,11-04-2025,20:19:00,88,Female,64,Clothing,2,50,21,100,,,
446,12-04-2025,19:57:00,104,Male,21,Electronics,1,50,13,50,,,
1187,13-04-2025,17:05:00,52,Female,64,Clothing,2,50,12.5,100,,,
1446,14-04-2025,18:55:00,155,Male,21,Electronics,1,50,23.5,50,,,
539,15-04-2025,18:13:00,135,Male,25,Beauty,1,500,205,500,,,
587,16-04-2025,19:00:00,91,Female,40,Beauty,4,300,99,1200,,,
1539,17-04-2025,21:52:00,96,Male,25,Beauty,1,500,170,500,,,
1587,18-04-2025,20:06:00,140,Female,40,Beauty,4,300,105,1200,,,
212,19-04-2025,18:13:00,105,Male,21,Clothing,3,500,215,1500,,,
765,20-04-2025,19:03:00,77,Male,43,Clothing,4,50,12.5,200,,,
769,21-04-2025,18:57:00,18,Female,31,Electronics,4,30,10.2,120,,,
1212,22-04-2025,18:05:00,142,Male,21,Clothing,3,500,265,1500,,,
1765,23-04-2025,22:49:00,13,Male,43,Clothing,4,50,16,200,,,
1769,24-04-2025,22:50:00,116,Female,31,Electronics,4,30,9.3,120,,,
321,25-04-2025,19:53:00,30,Female,26,Electronics,2,25,9.5,50,,,
356,26-04-2025,18:35:00,71,Male,50,Electronics,3,500,255,1500,,,
510,27-04-2025,17:04:00,14,Female,39,Beauty,4,50,13,200,,,
534,28-04-2025,22:30:00,112,Male,45,Clothing,2,500,140,1000,,,
1321,29-04-2025,22:54:00,155,Female,26,Electronics,2,25,10.5,50,,,
1356,30-04-2025,21:31:00,11,Male,50,Electronics,3,500,245,1500,,,
1510,01-05-2025,18:21:00,124,Female,39,Beauty,4,50,19,200,,,
1534,02-05-2025,19:44:00,72,Male,45,Clothing,2,500,270,1000,,,
104,03-05-2025,22:58:00,129,Female,34,Beauty,2,500,190,1000,,,
110,04-05-2025,17:28:00,149,Male,27,Clothing,3,300,99,900,,,
352,05-05-2025,17:55:00,54,Male,57,Electronics,2,500,175,1000,,,
365,06-05-2025,22:12:00,151,Male,31,Clothing,1,300,93,300,,,
887,07-05-2025,19:20:00,44,Male,59,Clothing,4,25,10,100,,,
1104,08-05-2025,20:13:00,70,Female,34,Beauty,2,500,150,1000,,,
1110,09-05-2025,19:14:00,62,Male,27,Clothing,3,300,114,900,,,
1352,10-05-2025,17:40:00,14,Male,57,Electronics,2,500,260,1000,,,
1365,11-05-2025,20:22:00,18,Male,31,Clothing,1,300,156,300,,,
1887,12-05-2025,19:34:00,113,Male,59,Clothing,4,25,10,100,,,
629,13-05-2025,19:55:00,39,Male,62,Electronics,2,25,8,50,,,
1629,14-05-2025,20:18:00,144,Male,62,Electronics,2,25,10.75,50,,,
655,15-05-2025,18:43:00,19,Female,55,Clothing,1,500,210,500,,,
1655,16-05-2025,17:57:00,8,Female,55,Clothing,1,500,125,500,,,
567,17-05-2025,19:53:00,5,Female,25,Clothing,3,300,144,900,,,
1567,18-05-2025,17:10:00,76,Female,25,Clothing,3,300,162,900,,,
182,19-05-2025,19:27:00,27,Male,62,Beauty,4,30,10.2,120,,,
819,20-05-2025,21:59:00,111,Female,35,Beauty,2,50,26,100,,,
1182,21-05-2025,21:26:00,14,Male,62,Beauty,4,30,12.9,120,,,
1819,22-05-2025,20:44:00,83,Female,35,Beauty,2,50,13.5,100,,,
100,23-05-2025,19:34:00,21,Male,41,Electronics,1,30,9.3,30,,,
833,24-05-2025,18:39:00,85,Male,42,Beauty,4,50,24.5,200,,,
1100,25-05-2025,18:15:00,136,Male,41,Electronics,1,30,13.2,30,,,
1833,26-05-2025,17:20:00,56,Male,42,Beauty,4,50,18,200,,,
542,27-05-2025,18:41:00,50,Female,20,Beauty,1,50,24,50,,,
723,28-05-2025,21:57:00,120,Female,54,Beauty,4,50,20.5,200,,,
726,29-05-2025,19:37:00,72,Male,47,Clothing,4,300,126,1200,,,
1542,30-05-2025,20:30:00,147,Female,20,Beauty,1,50,14.5,50,,,
1723,31-05-2025,17:43:00,40,Female,54,Beauty,4,50,18,200,,,
1726,01-06-2025,18:12:00,13,Male,47,Clothing,4,300,93,1200,,,
488,02-06-2025,17:28:00,26,Female,51,Electronics,3,300,123,900,,,
1488,03-06-2025,19:24:00,9,Female,51,Electronics,3,300,126,900,,,
239,04-06-2025,19:34:00,1,Male,38,Electronics,3,500,165,1500,,,
498,05-06-2025,22:20:00,41,Female,50,Clothing,4,25,8.25,100,,,
532,06-06-2025,18:04:00,92,Female,64,Clothing,4,30,12.9,120,,,
669,07-06-2025,20:24:00,110,Male,24,Beauty,4,300,87,1200,,,
877,08-06-2025,19:52:00,134,Female,58,Clothing,1,25,6.75,25,,,
1239,09-06-2025,20:42:00,134,Male,38,Electronics,3,500,255,1500,,,
1498,10-06-2025,17:08:00,51,Female,50,Clothing,4,25,12.5,100,,,
1532,11-06-2025,22:48:00,51,Female,64,Clothing,4,30,15.6,120,,,
1669,12-06-2025,22:28:00,83,Male,24,Beauty,4,300,123,1200,,,
1877,13-06-2025,20:19:00,72,Female,58,Clothing,1,25,10.5,25,,,
422,14-06-2025,22:34:00,67,Female,28,Clothing,3,30,13.2,90,,,
466,15-06-2025,21:52:00,66,Male,63,Electronics,4,25,13.75,100,,,
1422,16-06-2025,20:41:00,35,Female,28,Clothing,3,30,13.5,90,,,
1466,17-06-2025,22:27:00,64,Male,63,Electronics,4,25,10.75,100,,,
583,18-06-2025,19:44:00,131,Female,24,Electronics,4,25,7.75,100,,,
654,19-06-2025,17:40:00,92,Male,42,Clothing,3,25,9.25,75,,,
1583,20-06-2025,22:54:00,102,Female,24,Electronics,4,25,13,100,,,
1654,21-06-2025,20:47:00,111,Male,42,Clothing,3,25,6.25,75,,,
40,22-06-2025,21:33:00,78,Male,45,Beauty,1,50,24.5,50,,,
699,23-06-2025,22:21:00,129,Female,37,Clothing,4,30,16.2,120,,,
727,24-06-2025,18:37:00,32,Male,55,Beauty,3,300,105,900,,,
830,25-06-2025,20:19:00,77,Female,64,Clothing,3,50,18.5,150,,,
1040,26-06-2025,21:24:00,112,Male,45,Beauty,1,50,21,50,,,
1699,27-06-2025,21:45:00,23,Female,37,Clothing,4,30,12.9,120,,,
1727,28-06-2025,21:06:00,72,Male,55,Beauty,3,300,75,900,,,
1830,29-06-2025,18:04:00,87,Female,64,Clothing,3,50,21,150,,,
224,30-06-2025,21:32:00,99,Female,25,Clothing,1,50,24,50,,,
271,01-07-2025,18:23:00,44,Female,62,Beauty,4,30,9.3,120,,,
1224,02-07-2025,17:10:00,103,Female,25,Clothing,1,50,20,50,,,
1271,03-07-2025,19:31:00,27,Female,62,Beauty,4,30,9,120,,,
36,04-07-2025,22:06:00,40,Male,52,Beauty,3,300,144,900,,,
157,05-07-2025,21:59:00,98,Male,62,Electronics,4,500,170,2000,,,
796,06-07-2025,19:50:00,38,Male,43,Beauty,4,30,7.8,120,,,
839,07-07-2025,21:02:00,130,Female,20,Electronics,4,300,96,1200,,,
927,08-07-2025,17:13:00,83,Male,43,Electronics,4,500,250,2000,,,
1036,09-07-2025,18:03:00,121,Male,52,Beauty,3,300,117,900,,,
1157,10-07-2025,21:24:00,81,Male,62,Electronics,4,500,270,2000,,,
1796,11-07-2025,18:36:00,69,Male,43,Beauty,4,30,11.1,120,,,
1839,12-07-2025,21:57:00,92,Female,20,Electronics,4,300,156,1200,,,
1927,13-07-2025,19:44:00,46,Male,43,Electronics,4,500,180,2000,,,
407,14-07-2025,22:17:00,117,Female,46,Electronics,3,300,138,900,,,
1407,15-07-2025,19:41:00,54,Female,46,Electronics,3,300,120,900,,,
46,16-07-2025,17:50:00,54,Female,20,Electronics,4,300,84,1200,,,
509,17-07-2025,19:35:00,70,Female,37,Electronics,3,300,141,900,,,
874,18-07-2025,18:14:00,90,Male,60,Beauty,1,30,12.6,30,,,
1046,19-07-2025,21:47:00,5,Female,20,Electronics,4,300,156,1200,,,
1509,20-07-2025,20:40:00,67,Female,37,Electronics,3,300,129,900,,,
1874,21-07-2025,20:58:00,126,Male,60,Beauty,1,30,12.6,30,,,
788,22-07-2025,18:54:00,90,Female,52,Beauty,3,300,105,900,,,
1788,23-07-2025,20:35:00,98,Female,52,Beauty,3,300,150,900,,,
378,24-07-2025,18:16:00,81,Male,50,Beauty,1,300,165,300,,,
1378,25-07-2025,21:56:00,27,Male,50,Beauty,1,300,132,300,,,
480,26-07-2025,22:12:00,126,Female,42,Beauty,4,500,225,2000,,,
492,27-07-2025,17:52:00,4,Male,61,Beauty,4,25,6.5,100,,,
737,28-07-2025,21:11:00,26,Female,33,Clothing,1,50,14,50,,,
1480,29-07-2025,18:05:00,3,Female,42,Beauty,4,500,165,2000,,,
1492,30-07-2025,22:09:00,146,Male,61,Beauty,4,25,10,100,,,
1737,31-07-2025,22:32:00,40,Female,33,Clothing,1,50,14,50,,,
684,01-08-2025,18:02:00,54,Female,28,Clothing,2,500,225,1000,,,
878,02-08-2025,18:53:00,31,Female,20,Clothing,1,30,11.7,30,,,
1684,03-08-2025,21:40:00,43,Female,28,Clothing,2,500,200,1000,,,
1878,04-08-2025,22:56:00,97,Female,20,Clothing,1,30,7.5,30,,,
78,05-08-2025,21:08:00,68,Female,47,Clothing,3,500,265,1500,,,
260,06-08-2025,21:09:00,107,Male,28,Beauty,2,30,10.5,60,,,
455,07-08-2025,19:15:00,134,Male,31,Electronics,4,25,13.25,100,,,
837,08-08-2025,20:35:00,53,Male,18,Beauty,3,30,7.5,90,,,
1078,09-08-2025,22:20:00,16,Female,47,Clothing,3,500,125,1500,,,
1260,10-08-2025,17:26:00,117,Male,28,Beauty,2,30,13.5,60,,,
1455,11-08-2025,21:35:00,32,Male,31,Electronics,4,25,13.75,100,,,
1837,12-08-2025,20:45:00,32,Male,18,Beauty,3,30,8.1,90,,,
45,13-08-2025,18:27:00,121,Female,55,Electronics,1,30,10.5,30,,,
449,14-08-2025,18:28:00,58,Male,25,Electronics,4,50,26.5,200,,,
1045,15-08-2025,17:28:00,110,Female,55,Electronics,1,30,9.9,30,,,
1449,16-08-2025,18:42:00,12,Male,25,Electronics,4,50,23.5,200,,,
904,17-08-2025,20:26:00,43,Male,28,Clothing,1,500,160,500,,,
1904,18-08-2025,19:41:00,117,Male,28,Clothing,1,500,220,500,,,
59,19-08-2025,18:28:00,61,Male,62,Clothing,1,50,27,50,,,
128,20-08-2025,22:22:00,77,Male,25,Beauty,1,500,180,500,,,
186,21-08-2025,18:15:00,92,Male,20,Clothing,4,50,23.5,200,,,
802,22-08-2025,18:00:00,57,Female,46,Beauty,1,30,9.9,30,,,
1059,23-08-2025,22:05:00,89,Male,62,Clothing,1,50,12.5,50,,,
1128,24-08-2025,17:35:00,60,Male,25,Beauty,1,500,135,500,,,
1186,25-08-2025,18:24:00,5,Male,20,Clothing,4,50,18.5,200,,,
1802,26-08-2025,22:17:00,33,Female,46,Beauty,1,30,9.6,30,,,
75,27-08-2025,20:51:00,110,Male,61,Beauty,4,50,13.5,200,,,
447,28-08-2025,17:57:00,37,Male,22,Beauty,4,500,245,2000,,,
528,29-08-2025,21:51:00,102,Female,36,Clothing,2,30,9.6,60,,,
1075,30-08-2025,19:17:00,92,Male,61,Beauty,4,50,21.5,200,,,
1447,31-08-2025,22:21:00,137,Male,22,Beauty,4,500,155,2000,,,
1528,01-09-2025,19:44:00,126,Female,36,Clothing,2,30,12.3,60,,,
759,02-09-2025,21:21:00,75,Male,49,Electronics,2,50,21.5,100,,,
870,03-09-2025,19:41:00,16,Female,46,Electronics,4,30,11.1,120,,,
1759,04-09-2025,17:27:00,102,Male,49,Electronics,2,50,23,100,,,
1870,05-09-2025,20:38:00,119,Female,46,Electronics,4,30,10.5,120,,,
77,06-09-2025,20:45:00,44,Female,47,Clothing,2,50,24,100,,,
381,07-09-2025,19:05:00,63,Female,44,Clothing,4,25,12.25,100,,,
439,08-09-2025,21:46:00,42,Male,50,Clothing,3,25,11.75,75,,,
792,09-09-2025,22:50:00,4,Female,20,Beauty,1,50,26.5,50,,,
1077,10-09-2025,18:45:00,141,Female,47,Clothing,2,50,15,100,,,
1381,11-09-2025,17:26:00,48,Female,44,Clothing,4,25,7.75,100,,,
1439,12-09-2025,20:53:00,76,Male,50,Clothing,3,25,7.25,75,,,
1792,13-09-2025,17:37:00,88,Female,20,Beauty,1,50,26.5,50,,,
176,14-09-2025,18:15:00,53,Female,43,Beauty,2,50,25.5,100,,,
216,15-09-2025,17:28:00,141,Male,62,Electronics,2,50,26.5,100,,,
1176,16-09-2025,20:33:00,34,Female,43,Beauty,2,50,21,100,,,
1216,17-09-2025,22:53:00,23,Male,62,Electronics,2,50,13,100,,,
772,18-09-2025,21:47:00,25,Male,26,Electronics,1,30,16.2,30,,,
1772,19-09-2025,19:06:00,59,Male,26,Electronics,1,30,13.2,30,,,
53,20-09-2025,17:57:00,32,Male,34,Electronics,2,50,22,100,,,
1053,21-09-2025,21:13:00,40,Male,34,Electronics,2,50,20.5,100,,,
43,22-09-2025,21:42:00,118,Female,48,Clothing,1,300,111,300,,,
71,23-09-2025,19:11:00,32,Female,51,Beauty,4,25,11.5,100,,,
93,24-09-2025,20:52:00,148,Female,35,Beauty,4,500,140,2000,,,
302,25-09-2025,17:51:00,26,Male,57,Beauty,2,300,135,600,,,
551,26-09-2025,22:45:00,99,Male,45,Electronics,3,300,141,900,,,
681,27-09-2025,22:12:00,24,Female,43,Electronics,2,30,8.4,60,,,
722,28-09-2025,18:35:00,25,Male,20,Beauty,3,300,162,900,,,
728,29-09-2025,19:35:00,78,Male,51,Electronics,3,50,18,150,,,
829,30-09-2025,21:31:00,52,Male,61,Beauty,3,30,9.6,90,,,
955,01-10-2025,17:57:00,16,Male,58,Clothing,1,25,12.5,25,,,
1043,02-10-2025,18:10:00,20,Female,48,Clothing,1,300,87,300,,,
1071,03-10-2025,17:38:00,155,Female,51,Beauty,4,25,6.75,100,,,
1093,04-10-2025,17:26:00,87,Female,35,Beauty,4,500,270,2000,,,
1302,05-10-2025,17:55:00,20,Male,57,Beauty,2,300,102,600,,,
1551,06-10-2025,22:36:00,84,Male,45,Electronics,3,300,81,900,,,
1681,07-10-2025,19:32:00,53,Female,43,Electronics,2,30,11.1,60,,,
1722,08-10-2025,20:38:00,22,Male,20,Beauty,3,300,159,900,,,
1728,09-10-2025,22:30:00,77,Male,51,Electronics,3,50,25,150,,,
1829,10-10-2025,22:37:00,58,Male,61,Beauty,3,30,12,90,,,
1955,11-10-2025,21:11:00,134,Male,58,Clothing,1,25,6.5,25,,,
144,12-10-2025,22:18:00,119,Female,59,Beauty,3,500,255,1500,,,
474,13-10-2025,17:57:00,145,Female,26,Clothing,3,500,210,1500,,,
1144,14-10-2025,21:27:00,148,Female,59,Beauty,3,500,125,1500,,,
1474,15-10-2025,20:49:00,84,Female,26,Clothing,3,500,255,1500,,,
603,16-10-2025,20:17:00,95,Female,40,Clothing,3,30,14.1,90,,,
661,17-10-2025,22:09:00,10,Female,44,Clothing,4,25,7,100,,,
1603,18-10-2025,20:50:00,132,Female,40,Clothing,3,30,13.2,90,,,
1661,19-10-2025,19:18:00,20,Female,44,Clothing,4,25,6.25,100,,,
143,20-10-2025,22:20:00,118,Female,45,Clothing,1,50,27.5,50,,,
515,21-10-2025,20:47:00,71,Female,49,Clothing,3,300,75,900,,,
1143,22-10-2025,21:10:00,23,Female,45,Clothing,1,50,15,50,,,
1515,23-10-2025,21:49:00,107,Female,49,Clothing,3,300,135,900,,,
304,24-10-2025,18:35:00,59,Female,37,Electronics,2,30,15.6,60,,,
676,25-10-2025,22:13:00,80,Male,63,Electronics,3,500,205,1500,,,
686,26-10-2025,17:14:00,68,Female,28,Electronics,4,50,23.5,200,,,
698,27-10-2025,20:56:00,116,Female,64,Electronics,1,300,123,300,,,
1304,28-10-2025,22:19:00,4,Female,37,Electronics,2,30,9.3,60,,,
1676,29-10-2025,20:22:00,91,Male,63,Electronics,3,500,210,1500,,,
1686,30-10-2025,20:41:00,151,Female,28,Electronics,4,50,26,200,,,
1698,31-10-2025,21:50:00,146,Female,64,Electronics,1,300,105,300,,,
709,01-11-2025,22:32:00,61,Female,19,Electronics,2,500,140,1000,,,
1709,02-11-2025,20:22:00,97,Female,19,Electronics,2,500,185,1000,,,
114,03-11-2025,20:57:00,92,Female,22,Beauty,4,25,9.25,100,,,
359,04-11-2025,21:49:00,122,Male,50,Clothing,1,50,22.5,50,,,
1114,05-11-2025,22:19:00,100,Female,22,Beauty,4,25,12,100,,,
1359,06-11-2025,22:21:00,55,Male,50,Clothing,1,50,19,50,,,
773,07-11-2025,19:10:00,3,Male,25,Electronics,4,500,175,2000,,,
1773,08-11-2025,18:50:00,80,Male,25,Electronics,4,500,165,2000,,,
127,09-11-2025,19:37:00,40,Female,33,Clothing,2,25,7.5,50,,,
213,10-11-2025,20:48:00,113,Male,27,Beauty,3,500,275,1500,,,
487,11-11-2025,21:03:00,36,Male,44,Clothing,4,500,235,2000,,,
495,12-11-2025,21:06:00,131,Male,24,Beauty,2,30,11.7,60,,,
605,13-11-2025,22:24:00,76,Male,37,Electronics,2,500,180,1000,,,
1127,14-11-2025,19:26:00,87,Female,33,Clothing,2,25,13,50,,,
1213,15-11-2025,17:23:00,41,Male,27,Beauty,3,500,185,1500,,,
1487,16-11-2025,19:01:00,131,Male,44,Clothing,4,500,140,2000,,,
1495,17-11-2025,22:37:00,113,Male,24,Beauty,2,30,16.2,60,,,
1605,18-11-2025,19:39:00,2,Male,37,Electronics,2,500,165,1000,,,
105,19-11-2025,18:05:00,82,Female,22,Electronics,1,500,230,500,,,
299,20-11-2025,20:03:00,76,Male,61,Electronics,2,500,230,1000,,,
934,21-11-2025,18:20:00,111,Male,30,Beauty,1,500,240,500,,,
1105,22-11-2025,19:09:00,19,Female,22,Electronics,1,500,270,500,,,
1299,23-11-2025,18:58:00,11,Male,61,Electronics,2,500,250,1000,,,
1934,24-11-2025,17:06:00,69,Male,30,Beauty,1,500,150,500,,,
270,25-11-2025,17:46:00,84,Male,43,Electronics,1,300,117,300,,,
338,26-11-2025,21:26:00,44,Male,54,Beauty,2,50,20,100,,,
543,27-11-2025,20:30:00,121,Male,49,Beauty,2,300,75,600,,,
1270,28-11-2025,22:54:00,84,Male,43,Electronics,1,300,108,300,,,
1338,29-11-2025,19:55:00,31,Male,54,Beauty,2,50,19,100,,,
1543,30-11-2025,22:40:00,73,Male,49,Beauty,2,300,123,600,,,
557,01-12-2025,20:01:00,155,Female,20,Beauty,3,30,12.9,90,,,
702,02-12-2025,17:18:00,66,Female,60,Clothing,2,300,78,600,,,
864,03-12-2025,22:16:00,139,Female,51,Electronics,1,500,215,500,,,
1557,04-12-2025,17:01:00,14,Female,20,Beauty,3,30,10.2,90,,,
1702,05-12-2025,21:54:00,102,Female,60,Clothing,2,300,87,600,,,
1864,06-12-2025,21:00:00,112,Female,51,Electronics,1,500,190,500,,,
254,07-12-2025,22:45:00,104,Male,41,Electronics,1,500,165,500,,,
295,08-12-2025,20:23:00,80,Female,27,Beauty,3,300,105,900,,,
457,09-12-2025,22:49:00,38,Female,58,Beauty,3,300,147,900,,,
668,10-12-2025,20:33:00,135,Female,62,Electronics,3,50,24.5,150,,,
850,11-12-2025,19:01:00,58,Female,26,Beauty,2,500,235,1000,,,
1254,12-12-2025,18:24:00,86,Male,41,Electronics,1,500,180,500,,,
1295,13-12-2025,19:28:00,86,Female,27,Beauty,3,300,81,900,,,
1457,14-12-2025,21:31:00,140,Female,58,Beauty,3,300,108,900,,,
1668,15-12-2025,21:40:00,132,Female,62,Electronics,3,50,14,150,,,
1850,16-12-2025,20:44:00,154,Female,26,Beauty,2,500,240,1000,,,
541,17-12-2025,18:37:00,39,Male,56,Beauty,1,500,215,500,,,
980,18-12-2025,19:51:00,147,Female,31,Electronics,3,25,12.5,75,,,
1541,19-12-2025,22:17:00,57,Male,56,Beauty,1,500,195,500,,,
1980,20-12-2025,20:30:00,112,Female,31,Electronics,3,25,6.5,75,,,
262,21-12-2025,20:33:00,30,Female,32,Beauty,4,30,12.6,120,,,
467,22-12-2025,22:39:00,151,Female,53,Electronics,3,50,14.5,150,,,
1262,23-12-2025,20:33:00,127,Female,32,Beauty,4,30,8.4,120,,,
1467,24-12-2025,19:31:00,89,Female,53,Electronics,3,50,14,150,,,
463,25-12-2025,20:22:00,55,Female,54,Beauty,3,500,175,1500,,,
1463,26-12-2025,19:45:00,98,Female,54,Beauty,3,500,170,1500,,,
598,27-12-2025,17:02:00,7,Male,37,Beauty,4,30,11.1,120,,,
667,28-12-2025,18:46:00,22,Female,29,Electronics,1,500,190,500,,,
672,29-12-2025,19:44:00,1,Female,34,Beauty,2,50,27.5,100,,,
1598,30-12-2025,19:17:00,126,Male,37,Beauty,4,30,9.9,120,,,
1667,31-12-2025,19:09:00,40,Female,29,Electronics,1,500,125,500,,,
1672,01-01-2026,22:34:00,87,Female,34,Beauty,2,50,15.5,100,,,
949,02-01-2026,20:28:00,21,Female,41,Electronics,2,25,9,50,,,
1949,03-01-2026,20:24:00,105,Female,41,Electronics,2,25,12.5,50,,,
27,04-01-2026,19:44:00,39,Female,38,Beauty,2,25,8.25,50,,,
347,05-01-2026,19:31:00,26,Male,42,Electronics,1,25,7,25,,,
687,06-01-2026,17:14:00,86,Female,53,Electronics,1,300,150,300,,,
1027,07-01-2026,21:00:00,131,Female,38,Beauty,2,25,7.5,50,,,
1347,08-01-2026,21:55:00,7,Male,42,Electronics,1,25,13,25,,,
1687,09-01-2026,22:27:00,102,Female,53,Electronics,1,300,81,300,,,
549,10-01-2026,19:39:00,114,Female,50,Beauty,2,50,12.5,100,,,
675,11-01-2026,18:10:00,26,Female,45,Clothing,2,30,15.9,60,,,
730,12-01-2026,19:38:00,131,Female,36,Clothing,2,25,13.25,50,,,
798,13-01-2026,21:19:00,73,Male,61,Clothing,1,50,15,50,,,
1549,14-01-2026,19:25:00,109,Female,50,Beauty,2,50,14.5,100,,,
1675,15-01-2026,19:55:00,152,Female,45,Clothing,2,30,16.2,60,,,
1730,16-01-2026,19:17:00,116,Female,36,Clothing,2,25,10.75,50,,,
1798,17-01-2026,20:26:00,96,Male,61,Clothing,1,50,20,50,,,
13,18-01-2026,17:43:00,106,Male,22,Electronics,3,500,245,1500,,,
35,19-01-2026,17:30:00,122,Female,58,Beauty,3,300,126,900,,,
140,20-01-2026,20:20:00,61,Male,38,Electronics,1,30,14.4,30,,,
206,21-01-2026,18:18:00,31,Male,61,Clothing,1,25,11.75,25,,,
261,22-01-2026,17:48:00,16,Male,21,Clothing,2,25,8.25,50,,,
279,23-01-2026,17:29:00,38,Male,50,Clothing,1,500,210,500,,,
308,24-01-2026,19:12:00,130,Female,34,Beauty,4,300,126,1200,,,
418,25-01-2026,18:05:00,95,Female,60,Electronics,2,500,155,1000,,,
1013,26-01-2026,19:38:00,111,Male,22,Electronics,3,500,200,1500,,,
1035,27-01-2026,21:56:00,52,Female,58,Beauty,3,300,105,900,,,
1140,28-01-2026,19:26:00,154,Male,38,Electronics,1,30,15.9,30,,,
1206,29-01-2026,19:45:00,68,Male,61,Clothing,1,25,8.5,25,,,
1261,30-01-2026,21:19:00,116,Male,21,Clothing,2,25,6.25,50,,,
1279,31-01-2026,22:55:00,116,Male,50,Clothing,1,500,170,500,,,
1308,01-02-2026,22:39:00,91,Female,34,Beauty,4,300,150,1200,,,
1418,02-02-2026,18:19:00,68,Female,60,Electronics,2,500,215,1000,,,
612,03-02-2026,19:06:00,77,Female,61,Electronics,1,500,235,500,,,
875,04-02-2026,21:47:00,134,Female,51,Electronics,4,500,135,2000,,,
1612,05-02-2026,21:14:00,140,Female,61,Electronics,1,500,230,500,,,
1875,06-02-2026,22:42:00,141,Female,51,Electronics,4,500,165,2000,,,
430,07-02-2026,18:36:00,100,Female,43,Electronics,3,300,153,900,,,
633,08-02-2026,22:20:00,35,Male,39,Beauty,4,30,12.3,120,,,
1430,09-02-2026,18:25:00,22,Female,43,Electronics,3,300,132,900,,,
1633,10-02-2026,18:18:00,152,Male,39,Beauty,4,30,11.4,120,,,
125,11-02-2026,18:48:00,137,Male,48,Clothing,2,50,19,100,,,
716,12-02-2026,19:51:00,137,Female,60,Clothing,4,300,108,1200,,,
790,13-02-2026,20:47:00,29,Male,62,Clothing,1,25,9.25,25,,,
960,14-02-2026,19:01:00,134,Male,59,Clothing,2,30,14.4,60,,,
1125,15-02-2026,17:51:00,79,Male,48,Clothing,2,50,21.5,100,,,
1716,16-02-2026,19:16:00,39,Female,60,Clothing,4,300,87,1200,,,
1790,17-02-2026,20:52:00,147,Male,62,Clothing,1,25,7.5,25,,,
1960,18-02-2026,22:04:00,67,Male,59,Clothing,2,30,13.2,60,,,
259,19-02-2026,20:26:00,93,Female,45,Clothing,4,50,22.5,200,,,
443,20-02-2026,20:25:00,98,Male,29,Clothing,2,300,114,600,,,
529,21-02-2026,17:43:00,46,Female,35,Clothing,3,50,20.5,150,,,
563,22-02-2026,18:40:00,150,Male,20,Clothing,2,30,16.2,60,,,
1259,23-02-2026,17:31:00,105,Female,45,Clothing,4,50,21,200,,,
1443,24-02-2026,19:37:00,81,Male,29,Clothing,2,300,147,600,,,
1529,25-02-2026,22:38:00,105,Female,35,Clothing,3,50,17,150,,,
1563,26-02-2026,17:44:00,22,Male,20,Clothing,2,30,15.3,60,,,
801,27-02-2026,17:14:00,153,Male,21,Clothing,4,50,19,200,,,
1801,28-02-2026,22:01:00,148,Male,21,Clothing,4,50,13.5,200,,,
160,01-03-2026,17:08:00,127,Female,43,Clothing,2,50,26.5,100,,,
508,02-03-2026,22:52:00,32,Male,58,Beauty,2,300,123,600,,,
807,03-03-2026,19:49:00,91,Female,50,Electronics,4,50,15.5,200,,,
1160,04-03-2026,19:20:00,105,Female,43,Clothing,2,50,14,100,,,
1508,05-03-2026,20:32:00,90,Male,58,Beauty,2,300,81,600,,,
1807,06-03-2026,22:15:00,19,Female,50,Electronics,4,50,22,200,,,
511,07-03-2026,18:19:00,146,Male,45,Beauty,2,50,24.5,100,,,
521,08-03-2026,19:56:00,133,Female,47,Clothing,4,30,8.7,120,,,
695,09-03-2026,22:12:00,52,Female,22,Electronics,3,50,21,150,,,
816,10-03-2026,19:29:00,133,Male,47,Beauty,2,500,240,1000,,,
1511,11-03-2026,21:36:00,45,Male,45,Beauty,2,50,13.5,100,,,
1521,12-03-2026,19:08:00,30,Female,47,Clothing,4,30,12.9,120,,,
1695,13-03-2026,20:51:00,85,Female,22,Electronics,3,50,23,150,,,
1816,14-03-2026,22:30:00,52,Male,47,Beauty,2,500,245,1000,,,
217,15-03-2026,17:01:00,17,Female,35,Electronics,4,50,26.5,200,,,
384,16-03-2026,19:53:00,127,Male,55,Clothing,1,500,145,500,,,
1217,17-03-2026,19:28:00,70,Female,35,Electronics,4,50,18,200,,,
1384,18-03-2026,20:23:00,106,Male,55,Clothing,1,500,260,500,,,
648,19-03-2026,18:13:00,41,Male,53,Beauty,4,300,138,1200,,,
926,20-03-2026,22:53:00,53,Male,22,Electronics,1,30,15.6,30,,,
1648,21-03-2026,17:18:00,16,Male,53,Beauty,4,300,87,1200,,,
1926,22-03-2026,20:22:00,74,Male,22,Electronics,1,30,9.6,30,,,
285,23-03-2026,18:14:00,107,Female,31,Electronics,1,25,13.5,25,,,
427,24-03-2026,21:26:00,120,Male,25,Electronics,1,25,11.75,25,,,
569,25-03-2026,20:49:00,132,Male,52,Electronics,4,50,19,200,,,
570,26-03-2026,22:53:00,91,Male,49,Clothing,1,500,185,500,,,
630,27-03-2026,17:29:00,94,Male,42,Clothing,2,50,25.5,100,,,
957,28-03-2026,19:00:00,105,Female,60,Electronics,4,30,9.3,120,,,
1285,29-03-2026,21:55:00,130,Female,31,Electronics,1,25,12.25,25,,,
1427,30-03-2026,18:36:00,92,Male,25,Electronics,1,25,11.5,25,,,
1569,31-03-2026,21:07:00,35,Male,52,Electronics,4,50,18,200,,,
1570,01-04-2026,22:32:00,109,Male,49,Clothing,1,500,170,500,,,
1630,02-04-2026,17:22:00,95,Male,42,Clothing,2,50,16,100,,,
1957,03-04-2026,19:00:00,75,Female,60,Electronics,4,30,14.7,120,,,
635,04-04-2026,21:03:00,89,Female,63,Electronics,3,300,129,900,,,
1635,05-04-2026,18:08:00,36,Female,63,Electronics,3,300,159,900,,,
29,06-04-2026,20:10:00,31,Female,42,Electronics,1,30,13.5,30,,,
277,07-04-2026,22:10:00,139,Male,36,Clothing,4,25,12.25,100,,,
859,08-04-2026,21:52:00,46,Female,56,Electronics,3,500,190,1500,,,
1029,09-04-2026,19:23:00,117,Female,42,Electronics,1,30,12.3,30,,,
1277,10-04-2026,21:20:00,80,Male,36,Clothing,4,25,12.75,100,,,
1859,11-04-2026,20:58:00,32,Female,56,Electronics,3,500,205,1500,,,
638,12-04-2026,19:52:00,154,Male,46,Electronics,1,500,190,500,,,
823,13-04-2026,17:42:00,66,Female,56,Electronics,2,50,25,100,,,
956,14-04-2026,21:50:00,140,Male,30,Clothing,3,500,135,1500,,,
981,15-04-2026,21:08:00,5,Female,30,Electronics,2,30,12.9,60,,,
1638,16-04-2026,18:26:00,37,Male,46,Electronics,1,500,155,500,,,
1823,17-04-2026,22:28:00,58,Female,56,Electronics,2,50,26.5,100,,,
1956,18-04-2026,20:40:00,62,Male,30,Clothing,3,500,170,1500,,,
1981,19-04-2026,22:50:00,19,Female,30,Electronics,2,30,11.7,60,,,
219,20-04-2026,22:34:00,79,Female,53,Electronics,3,30,10.2,90,,,
1219,21-04-2026,21:47:00,149,Female,53,Electronics,3,30,11.1,90,,,
73,22-04-2026,21:47:00,42,Male,29,Electronics,3,30,9,90,,,
162,23-04-2026,19:37:00,118,Male,39,Clothing,2,30,9,60,,,
306,24-04-2026,22:05:00,148,Male,54,Electronics,1,50,26.5,50,,,
725,25-04-2026,20:32:00,2,Male,61,Electronics,1,300,153,300,,,
880,26-04-2026,20:13:00,63,Male,22,Beauty,2,500,175,1000,,,
992,27-04-2026,19:34:00,134,Female,57,Electronics,2,30,7.8,60,,,
1073,28-04-2026,18:16:00,82,Male,29,Electronics,3,30,15.3,90,,,
1162,29-04-2026,17:08:00,101,Male,39,Clothing,2,30,12.6,60,,,
1306,30-04-2026,20:57:00,122,Male,54,Electronics,1,50,18.5,50,,,
1725,01-05-2026,21:02:00,109,Male,61,Electronics,1,300,105,300,,,
1880,02-05-2026,20:03:00,37,Male,22,Beauty,2,500,175,1000,,,
1992,03-05-2026,21:35:00,70,Female,57,Electronics,2,30,8.7,60,,,
597,04-05-2026,19:29:00,84,Male,22,Beauty,4,300,111,1200,,,
622,05-05-2026,22:00:00,155,Female,49,Beauty,3,25,6.25,75,,,
1597,06-05-2026,18:21:00,32,Male,22,Beauty,4,300,78,1200,,,
1622,07-05-2026,21:28:00,54,Female,49,Beauty,3,25,11.75,75,,,
116,08-05-2026,20:04:00,58,Female,23,Clothing,1,30,15,30,,,
364,09-05-2026,19:06:00,98,Female,19,Beauty,1,500,200,500,,,
368,10-05-2026,21:11:00,90,Female,56,Clothing,4,300,132,1200,,,
1116,11-05-2026,22:26:00,145,Female,23,Clothing,1,30,12.3,30,,,
1364,12-05-2026,17:04:00,72,Female,19,Beauty,1,500,250,500,,,
1368,13-05-2026,21:29:00,145,Female,56,Clothing,4,300,132,1200,,,
50,14-05-2026,18:51:00,71,Female,27,Beauty,3,25,10.5,75,,,
479,15-05-2026,21:35:00,90,Male,52,Electronics,4,300,105,1200,,,
804,16-05-2026,17:12:00,99,Male,42,Electronics,1,30,10.8,30,,,
1050,17-05-2026,20:15:00,24,Female,27,Beauty,3,25,11.25,75,,,
1479,18-05-2026,22:24:00,108,Male,52,Electronics,4,300,162,1200,,,
1804,19-05-2026,22:46:00,74,Male,42,Electronics,1,30,14.7,30,,,
92,20-05-2026,19:41:00,10,Female,51,Electronics,4,30,8.7,120,,,
282,21-05-2026,17:39:00,10,Female,64,Electronics,4,50,56,200,,,
718,22-05-2026,20:25:00,154,Female,59,Beauty,3,25,25,75,,,
1092,23-05-2026,20:15:00,58,Female,51,Electronics,4,30,31.5,120,,,
1282,24-05-2026,20:05:00,23,Female,64,Electronics,4,50,48.5,200,,,
1718,25-05-2026,19:03:00,20,Female,59,Beauty,3,25,25.5,75,,,
617,26-05-2026,19:12:00,30,Male,34,Electronics,1,30,28.5,30,,,
624,27-05-2026,19:08:00,48,Female,34,Beauty,3,300,342,900,,,
825,28-05-2026,17:27:00,51,Female,46,Beauty,1,25,27.25,25,,,
1617,29-05-2026,17:09:00,77,Male,34,Electronics,1,30,35.1,30,,,
1624,30-05-2026,20:48:00,121,Female,34,Beauty,3,300,363,900,,,
1825,31-05-2026,18:34:00,105,Female,46,Beauty,1,25,27,25,,,
568,01-06-2026,20:03:00,32,Female,51,Electronics,1,300,372,300,,,
671,02-06-2026,19:51:00,2,Male,62,Electronics,3,50,61.5,150,,,
756,03-06-2026,20:33:00,4,Female,62,Electronics,4,300,333,1200,,,
815,04-06-2026,21:15:00,139,Female,51,Clothing,3,25,23.75,75,,,
1568,05-06-2026,22:34:00,51,Female,51,Electronics,1,300,336,300,,,
1671,06-06-2026,20:55:00,47,Male,62,Electronics,3,50,62.5,150,,,
1756,07-06-2026,22:16:00,119,Female,62,Electronics,4,300,297,1200,,,
1815,08-06-2026,22:19:00,6,Female,51,Clothing,3,25,30.5,75,,,
146,09-06-2026,22:01:00,74,Male,38,Clothing,4,50,49,200,,,
263,10-06-2026,21:48:00,133,Male,23,Beauty,2,30,34.8,60,,,
704,11-06-2026,22:40:00,141,Female,62,Clothing,3,30,34.8,90,,,
1146,12-06-2026,21:11:00,52,Male,38,Clothing,4,50,60,200,,,
1263,13-06-2026,20:49:00,47,Male,23,Beauty,2,30,35.4,60,,,
1704,14-06-2026,20:07:00,155,Female,62,Clothing,3,30,30.3,90,,,
476,15-06-2026,18:31:00,131,Female,27,Clothing,4,500,570,2000,,,
733,16-06-2026,21:07:00,143,Male,34,Beauty,1,30,28.5,30,,,
924,17-06-2026,22:18:00,151,Male,55,Beauty,2,50,55,100,,,
984,18-06-2026,19:29:00,83,Male,56,Clothing,1,500,480,500,,,
1476,19-06-2026,22:27:00,130,Female,27,Clothing,4,500,555,2000,,,
1733,20-06-2026,20:52:00,146,Male,34,Beauty,1,30,36.6,30,,,
1924,21-06-2026,22:25:00,107,Male,55,Beauty,2,50,54.5,100,,,
1984,22-06-2026,20:10:00,126,Male,56,Clothing,1,500,530,500,,,
251,23-06-2026,21:00:00,141,Female,57,Beauty,4,50,62.5,200,,,
253,24-06-2026,21:26:00,66,Female,53,Clothing,4,500,525,2000,,,
574,25-06-2026,20:12:00,24,Female,63,Electronics,2,25,24.75,50,,,
751,26-06-2026,19:58:00,115,Female,42,Clothing,2,25,24.75,50,,,
871,27-06-2026,23:00:00,57,Male,62,Beauty,2,30,33.9,60,,,
1251,28-06-2026,21:08:00,137,Female,57,Beauty,4,50,57.5,200,,,
1253,29-06-2026,19:58:00,108,Female,53,Clothing,4,500,605,2000,,,
1574,30-06-2026,21:51:00,150,Female,63,Electronics,2,25,24.75,50,,,
1751,01-07-2026,22:09:00,99,Female,42,Clothing,2,25,30.25,50,,,
1871,02-07-2026,18:39:00,41,Male,62,Beauty,2,30,30.6,60,,,
200,03-07-2026,22:29:00,130,Male,27,Beauty,3,50,60,150,,,
594,04-07-2026,21:49:00,72,Female,19,Electronics,2,300,291,600,,,
637,05-07-2026,18:54:00,21,Male,43,Clothing,2,300,321,600,,,
855,06-07-2026,19:43:00,13,Male,54,Beauty,1,25,25.75,25,,,
1200,07-07-2026,19:04:00,20,Male,27,Beauty,3,50,54.5,150,,,
1594,08-07-2026,19:02:00,31,Female,19,Electronics,2,300,345,600,,,
1637,09-07-2026,20:50:00,97,Male,43,Clothing,2,300,297,600,,,
1855,10-07-2026,21:15:00,44,Male,54,Beauty,1,25,31.25,25,,,
325,11-07-2026,22:02:00,6,Female,52,Electronics,2,25,31.25,50,,,
682,12-07-2026,20:51:00,60,Male,46,Beauty,4,300,354,1200,,,
931,13-07-2026,21:34:00,48,Male,30,Beauty,4,30,29.1,120,,,
1325,14-07-2026,19:47:00,18,Female,52,Electronics,2,25,26.75,50,,,
1682,15-07-2026,19:30:00,71,Male,46,Beauty,4,300,315,1200,,,
1931,16-07-2026,19:15:00,61,Male,30,Beauty,4,30,34.2,120,,,
925,17-07-2026,17:12:00,54,Male,25,Electronics,1,300,315,300,,,
1925,18-07-2026,17:05:00,81,Male,25,Electronics,1,300,366,300,,,
297,19-07-2026,21:09:00,70,Female,40,Electronics,2,500,595,1000,,,
1297,20-07-2026,22:32:00,21,Female,40,Electronics,2,500,535,1000,,,
814,21-07-2026,20:33:00,96,Female,59,Clothing,1,500,540,500,,,
894,22-07-2026,22:53:00,111,Male,52,Electronics,1,30,30.6,30,,,
1814,23-07-2026,17:53:00,43,Female,59,Clothing,1,500,620,500,,,
1894,24-07-2026,18:11:00,92,Male,52,Electronics,1,30,30,30,,,
194,25-07-2026,19:27:00,116,Male,55,Clothing,4,50,51.5,200,,,
245,26-07-2026,21:41:00,75,Male,47,Clothing,3,30,36,90,,,
296,27-07-2026,22:44:00,73,Female,22,Clothing,4,300,369,1200,,,
644,28-07-2026,21:49:00,107,Male,23,Beauty,3,25,29,75,,,
696,29-07-2026,18:05:00,24,Female,50,Clothing,4,50,48.5,200,,,
1194,30-07-2026,22:06:00,130,Male,55,Clothing,4,50,61.5,200,,,
1245,31-07-2026,20:47:00,129,Male,47,Clothing,3,30,36,90,,,
1296,01-08-2026,20:42:00,45,Female,22,Clothing,4,300,342,1200,,,
1644,02-08-2026,19:32:00,124,Male,23,Beauty,3,25,28.75,75,,,
1696,03-08-2026,17:59:00,24,Female,50,Clothing,4,50,55,200,,,
312,04-08-2026,18:08:00,18,Male,41,Clothing,4,30,28.5,120,,,
692,05-08-2026,19:48:00,110,Female,64,Clothing,2,50,49.5,100,,,
835,06-08-2026,23:00:00,49,Male,37,Clothing,4,50,60,200,,,
1312,07-08-2026,17:28:00,73,Male,41,Clothing,4,30,29.1,120,,,
1692,08-08-2026,19:50:00,103,Female,64,Clothing,2,50,59.5,100,,,
1835,09-08-2026,20:58:00,98,Male,37,Clothing,4,50,49.5,200,,,
183,10-08-2026,19:22:00,28,Female,43,Beauty,3,300,375,900,,,
413,11-08-2026,21:52:00,60,Female,44,Beauty,3,25,25.5,75,,,
799,12-08-2026,19:44:00,86,Male,56,Electronics,2,50,60,100,,,
851,13-08-2026,17:23:00,30,Male,32,Electronics,2,25,27.75,50,,,
1183,14-08-2026,17:10:00,54,Female,43,Beauty,3,300,342,900,,,
1413,15-08-2026,19:33:00,104,Female,44,Beauty,3,25,30.75,75,,,
1799,16-08-2026,19:09:00,132,Male,56,Electronics,2,50,51,100,,,
1851,17-08-2026,21:36:00,87,Male,32,Electronics,2,25,25,50,,,
858,18-08-2026,18:48:00,85,Male,23,Electronics,2,50,50.5,100,,,
919,19-08-2026,21:13:00,82,Female,22,Beauty,2,25,27.75,50,,,
935,20-08-2026,21:16:00,2,Female,34,Beauty,1,50,55.5,50,,,
1858,21-08-2026,20:47:00,49,Male,23,Electronics,2,50,52,100,,,
1919,22-08-2026,17:54:00,78,Female,22,Beauty,2,25,26.5,50,,,
1935,23-08-2026,22:40:00,96,Female,34,Beauty,1,50,47.5,50,,,
132,24-08-2026,20:34:00,86,Male,42,Electronics,4,50,62,200,,,
1132,25-08-2026,17:27:00,14,Male,42,Electronics,4,50,59,200,,,
604,26-08-2026,19:34:00,139,Female,29,Electronics,4,50,50.5,200,,,
832,27-08-2026,17:25:00,106,Male,47,Beauty,4,500,600,2000,,,
1604,28-08-2026,18:43:00,2,Female,29,Electronics,4,50,56,200,,,
1832,29-08-2026,21:17:00,57,Male,47,Beauty,4,500,480,2000,,,
113,30-08-2026,19:14:00,72,Female,41,Electronics,2,25,26.25,50,,,
1113,31-08-2026,17:41:00,141,Female,41,Electronics,2,25,27.75,50,,,
165,01-09-2026,19:01:00,75,Female,60,Clothing,4,300,318,1200,,,
1165,02-09-2026,17:04:00,29,Female,60,Clothing,4,300,291,1200,,,
326,03-09-2026,19:51:00,108,Female,18,Clothing,3,25,24.25,75,,,
1326,04-09-2026,22:35:00,66,Female,18,Clothing,3,25,28.75,75,,,
19,05-09-2026,19:39:00,30,Female,62,Clothing,2,25,28.5,50,,,
412,06-09-2026,19:36:00,30,Female,19,Electronics,4,500,570,2000,,,
632,07-09-2026,20:13:00,78,Female,26,Electronics,4,25,24.75,100,,,
1019,08-09-2026,21:22:00,56,Female,62,Clothing,2,25,25.75,50,,,
1412,09-09-2026,19:59:00,75,Female,19,Electronics,4,500,615,2000,,,
1632,10-09-2026,18:16:00,29,Female,26,Electronics,4,25,24.75,100,,,
167,11-09-2026,20:58:00,73,Female,43,Clothing,3,50,49,150,,,
172,12-09-2026,18:09:00,52,Male,32,Beauty,2,25,28,50,,,
375,13-09-2026,17:32:00,25,Male,32,Clothing,1,50,52,50,,,
538,14-09-2026,18:20:00,102,Male,18,Clothing,3,50,56.5,150,,,
794,15-09-2026,21:47:00,145,Female,60,Beauty,1,300,315,300,,,
1167,16-09-2026,21:21:00,9,Female,43,Clothing,3,50,54,150,,,
1172,17-09-2026,21:12:00,150,Male,32,Beauty,2,25,28.5,50,,,
1375,18-09-2026,17:50:00,79,Male,32,Clothing,1,50,59,50,,,
1538,19-09-2026,20:57:00,21,Male,18,Clothing,3,50,53.5,150,,,
1794,20-09-2026,19:40:00,26,Female,60,Beauty,1,300,351,300,,,
131,21-09-2026,22:32:00,44,Female,21,Beauty,2,300,375,600,,,
330,22-09-2026,20:18:00,116,Female,25,Beauty,4,50,55,200,,,
494,23-09-2026,20:18:00,140,Female,42,Beauty,4,50,58,200,,,
1131,24-09-2026,19:16:00,130,Female,21,Beauty,2,300,336,600,,,
1330,25-09-2026,17:49:00,20,Female,25,Beauty,4,50,48,200,,,
1494,26-09-2026,19:29:00,74,Female,42,Beauty,4,50,62.5,200,,,
513,27-09-2026,18:31:00,85,Male,24,Electronics,4,25,24.5,100,,,
573,28-09-2026,22:59:00,78,Male,49,Beauty,2,30,36.3,60,,,
1513,29-09-2026,21:47:00,19,Male,24,Electronics,4,25,31,100,,,
1573,30-09-2026,21:45:00,148,Male,49,Beauty,2,30,31.2,60,,,
241,01-10-2026,20:21:00,108,Female,23,Electronics,3,25,26.75,75,,,
579,02-10-2026,17:43:00,41,Female,38,Electronics,1,30,36.6,30,,,
1241,03-10-2026,17:28:00,26,Female,23,Electronics,3,25,24.5,75,,,
1579,04-10-2026,17:38:00,119,Female,38,Electronics,1,30,28.8,30,,,
218,05-10-2026,20:39:00,144,Male,64,Beauty,3,30,33.9,90,,,
846,06-10-2026,18:46:00,13,Male,42,Beauty,1,50,59.5,50,,,
1218,07-10-2026,22:11:00,30,Male,64,Beauty,3,30,34.2,90,,,
1846,08-10-2026,17:51:00,83,Male,42,Beauty,1,50,49.5,50,,,
616,09-10-2026,19:18:00,122,Male,41,Clothing,2,50,49.5,100,,,
1616,10-10-2026,18:41:00,121,Male,41,Clothing,2,50,59,100,,,
523,11-10-2026,19:18:00,110,Female,62,Electronics,1,300,375,300,,,
643,12-10-2026,22:26:00,63,Female,28,Electronics,3,30,28.8,90,,,
1523,13-10-2026,20:40:00,150,Female,62,Electronics,1,300,330,300,,,
1643,14-10-2026,21:47:00,12,Female,28,Electronics,3,30,33.3,90,,,
351,15-10-2026,22:16:00,38,Female,56,Clothing,3,30,36.6,90,,,
809,16-10-2026,22:51:00,124,Female,62,Beauty,2,50,50,100,,,
954,17-10-2026,21:03:00,87,Female,50,Electronics,3,300,321,900,,,
1351,18-10-2026,20:58:00,88,Female,56,Clothing,3,30,28.5,90,,,
1809,19-10-2026,18:09:00,51,Female,62,Beauty,2,50,61.5,100,,,
1954,20-10-2026,17:30:00,93,Female,50,Electronics,3,300,318,900,,,
897,21-10-2026,17:53:00,15,Female,64,Electronics,2,50,51.5,100,,,
1897,22-10-2026,17:12:00,137,Female,64,Electronics,2,50,62,100,,,
147,23-10-2026,20:30:00,101,Male,23,Electronics,1,300,297,300,,,
204,24-10-2026,21:04:00,101,Male,39,Beauty,1,25,31.25,25,,,
390,25-10-2026,20:53:00,88,Male,39,Electronics,2,50,51,100,,,
1147,26-10-2026,22:14:00,35,Male,23,Electronics,1,300,330,300,,,
1204,27-10-2026,19:24:00,72,Male,39,Beauty,1,25,27.5,25,,,
1390,28-10-2026,22:47:00,117,Male,39,Electronics,2,50,54,100,,,
179,29-10-2026,20:42:00,121,Male,31,Electronics,1,300,375,300,,,
327,30-10-2026,18:30:00,107,Male,57,Electronics,3,50,56,150,,,
626,31-10-2026,21:01:00,65,Female,26,Clothing,4,500,555,2000,,,
873,01-11-2026,20:20:00,137,Female,27,Electronics,4,25,29,100,,,
1179,02-11-2026,17:28:00,122,Male,31,Electronics,1,300,354,300,,,
1327,03-11-2026,21:16:00,118,Male,57,Electronics,3,50,58,150,,,
1626,04-11-2026,19:13:00,19,Female,26,Clothing,4,500,495,2000,,,
1873,05-11-2026,19:18:00,64,Female,27,Electronics,4,25,26.75,100,,,
196,06-11-2026,19:14:00,43,Female,32,Clothing,3,300,312,900,,,
789,07-11-2026,22:13:00,34,Female,61,Clothing,4,500,510,2000,,,
1196,08-11-2026,21:18:00,93,Female,32,Clothing,3,300,306,900,,,
1789,09-11-2026,17:02:00,144,Female,61,Clothing,4,500,615,2000,,,
89,10-11-2026,21:15:00,117,Female,55,Electronics,4,500,590,2000,,,
707,11-11-2026,20:34:00,117,Female,26,Clothing,1,500,580,500,,,
909,12-11-2026,19:43:00,71,Male,26,Electronics,1,300,288,300,,,
1089,13-11-2026,18:44:00,108,Female,55,Electronics,4,500,555,2000,,,
1707,14-11-2026,18:35:00,144,Female,26,Clothing,1,500,535,500,,,
1909,15-11-2026,19:41:00,17,Male,26,Electronics,1,300,339,300,,,
51,16-11-2026,22:09:00,78,Male,27,Beauty,3,25,24.75,75,,,
154,17-11-2026,17:47:00,24,Male,51,Electronics,3,300,321,900,,,
276,18-11-2026,21:27:00,40,Female,21,Beauty,4,25,27.5,100,,,
497,19-11-2026,18:11:00,127,Male,41,Clothing,4,30,37.2,120,,,
889,20-11-2026,22:32:00,39,Female,35,Electronics,1,50,57.5,50,,,
1051,21-11-2026,17:47:00,104,Male,27,Beauty,3,25,25,75,,,
1154,22-11-2026,21:44:00,29,Male,51,Electronics,3,300,291,900,,,
1276,23-11-2026,18:54:00,140,Female,21,Beauty,4,25,27,100,,,
1497,24-11-2026,21:44:00,109,Male,41,Clothing,4,30,32.4,120,,,
1889,25-11-2026,22:48:00,80,Female,35,Electronics,1,50,56,50,,,
122,26-11-2026,19:02:00,1,Male,64,Electronics,4,30,35.4,120,,,
373,27-11-2026,22:19:00,78,Female,25,Beauty,2,300,333,600,,,
524,28-11-2026,19:52:00,12,Male,46,Beauty,4,300,297,1200,,,
688,29-11-2026,21:45:00,132,Male,56,Clothing,4,25,24.75,100,,,
813,30-11-2026,19:51:00,125,Male,52,Electronics,3,50,62,150,,,
1122,01-12-2026,19:53:00,138,Male,64,Electronics,4,30,31.8,120,,,
1373,02-12-2026,20:26:00,64,Female,25,Beauty,2,300,294,600,,,
1524,03-12-2026,22:10:00,115,Male,46,Beauty,4,300,321,1200,,,
1688,04-12-2026,17:25:00,150,Male,56,Clothing,4,25,26.5,100,,,
1813,05-12-2026,22:24:00,86,Male,52,Electronics,3,50,61.5,150,,,
178,06-12-2026,17:51:00,142,Male,40,Clothing,2,30,34.2,60,,,
208,07-12-2026,20:56:00,144,Female,34,Electronics,4,50,57,200,,,
247,08-12-2026,17:56:00,82,Male,41,Electronics,2,30,31.5,60,,,
290,09-12-2026,21:39:00,86,Female,30,Beauty,2,300,342,600,,,
656,10-12-2026,20:58:00,27,Male,29,Beauty,3,30,29.4,90,,,
735,11-12-2026,21:38:00,153,Female,64,Clothing,4,500,515,2000,,,
1178,12-12-2026,21:15:00,137,Male,40,Clothing,2,30,33,60,,,
1208,13-12-2026,17:44:00,9,Female,34,Electronics,4,50,47.5,200,,,
1247,14-12-2026,18:17:00,78,Male,41,Electronics,2,30,35.7,60,,,
1290,15-12-2026,22:40:00,66,Female,30,Beauty,2,300,318,600,,,
1656,16-12-2026,20:03:00,141,Male,29,Beauty,3,30,35.4,90,,,
1735,17-12-2026,17:26:00,86,Female,64,Clothing,4,500,505,2000,,,
319,18-12-2026,18:50:00,145,Male,31,Clothing,1,500,500,500,,,
670,19-12-2026,17:24:00,59,Male,27,Beauty,1,30,35.7,30,,,
1319,20-12-2026,17:17:00,76,Male,31,Clothing,1,500,585,500,,,
1670,21-12-2026,21:32:00,58,Male,27,Beauty,1,30,34.2,30,,,
385,22-12-2026,19:06:00,127,Male,50,Electronics,3,500,525,1500,,,
1385,23-12-2026,19:22:00,55,Male,50,Electronics,3,500,505,1500,,,
10,24-12-2026,22:55:00,81,Female,52,Clothing,4,50,62.5,200,,,
26,25-12-2026,17:54:00,51,Female,28,Electronics,2,500,600,1000,,,
437,26-12-2026,18:53:00,56,Female,35,Electronics,4,300,345,1200,,,
689,27-12-2026,20:17:00,55,Male,57,Electronics,2,50,52.5,100,,,
1010,28-12-2026,22:11:00,65,Female,52,Clothing,4,50,54.5,200,,,
1026,29-12-2026,19:10:00,60,Female,28,Electronics,2,500,520,1000,,,
1437,30-12-2026,19:19:00,76,Female,35,Electronics,4,300,372,1200,,,
1689,31-12-2026,20:54:00,114,Male,57,Electronics,2,50,47.5,100,,,
558,01-01-2027,17:47:00,108,Female,41,Clothing,1,25,26,25,,,
634,02-01-2027,19:25:00,68,Male,60,Electronics,4,500,535,2000,,,
1558,03-01-2027,20:37:00,91,Female,41,Clothing,1,25,27.75,25,,,
1634,04-01-2027,17:18:00,90,Male,60,Electronics,4,500,520,2000,,,
201,05-01-2027,19:08:00,105,Male,56,Electronics,1,25,29.75,25,,,
286,06-01-2027,22:56:00,92,Male,55,Electronics,2,25,27.75,50,,,
876,07-01-2027,19:39:00,104,Male,43,Clothing,4,30,30,120,,,
1201,08-01-2027,17:28:00,115,Male,56,Electronics,1,25,27.75,25,,,
1286,09-01-2027,17:23:00,111,Male,55,Electronics,2,25,28.5,50,,,
1876,10-01-2027,19:53:00,68,Male,43,Clothing,4,30,32.1,120,,,
55,11-01-2027,20:32:00,57,Male,31,Beauty,4,30,31.8,120,,,
428,12-01-2027,22:44:00,50,Female,40,Electronics,4,50,49.5,200,,,
441,13-01-2027,22:00:00,85,Male,57,Beauty,4,300,351,1200,,,
976,14-01-2027,19:50:00,56,Female,48,Beauty,2,300,345,600,,,
1055,15-01-2027,21:35:00,97,Male,31,Beauty,4,30,37.5,120,,,
1428,16-01-2027,18:44:00,96,Female,40,Electronics,4,50,57,200,,,
1441,17-01-2027,21:38:00,63,Male,57,Beauty,4,300,354,1200,,,
1976,18-01-2027,21:10:00,108,Female,48,Beauty,2,300,360,600,,,
149,19-01-2027,17:52:00,73,Male,22,Clothing,3,25,27,75,,,
227,20-01-2027,19:19:00,87,Male,36,Electronics,2,50,50.5,100,,,
393,21-01-2027,18:52:00,85,Female,22,Beauty,2,500,595,1000,,,
401,22-01-2027,19:03:00,51,Female,62,Clothing,1,300,372,300,,,
546,23-01-2027,22:32:00,57,Female,36,Electronics,4,50,53.5,200,,,
872,24-01-2027,22:18:00,113,Female,63,Beauty,3,25,24.75,75,,,
914,25-01-2027,22:25:00,83,Female,59,Electronics,1,500,510,500,,,
1149,26-01-2027,19:23:00,98,Male,22,Clothing,3,25,29.75,75,,,
1227,27-01-2027,20:09:00,103,Male,36,Electronics,2,50,47.5,100,,,
1393,28-01-2027,17:24:00,56,Female,22,Beauty,2,500,580,1000,,,
1401,29-01-2027,21:20:00,85,Female,62,Clothing,1,300,294,300,,,
1546,30-01-2027,19:06:00,93,Female,36,Electronics,4,50,48,200,,,
1872,31-01-2027,17:02:00,57,Female,63,Beauty,3,25,26.25,75,,,
1914,01-02-2027,17:49:00,70,Female,59,Electronics,1,500,510,500,,,
310,02-02-2027,21:34:00,76,Female,28,Beauty,1,25,31,25,,,
844,03-02-2027,17:54:00,95,Male,35,Clothing,3,50,62,150,,,
852,04-02-2027,19:35:00,82,Female,41,Clothing,1,300,375,300,,,
1310,05-02-2027,21:31:00,74,Female,28,Beauty,1,25,24.75,25,,,
1844,06-02-2027,20:30:00,70,Male,35,Clothing,3,50,50.5,150,,,
1852,07-02-2027,18:09:00,109,Female,41,Clothing,1,300,333,300,,,
97,08-02-2027,18:17:00,112,Female,51,Beauty,2,500,555,1000,,,
619,09-02-2027,18:10:00,56,Male,47,Electronics,4,25,26.25,100,,,
948,10-02-2027,22:06:00,52,Female,23,Electronics,3,25,28.75,75,,,
1097,11-02-2027,20:53:00,86,Female,51,Beauty,2,500,485,1000,,,
1619,12-02-2027,18:07:00,61,Male,47,Electronics,4,25,24.25,100,,,
1948,13-02-2027,21:09:00,100,Female,23,Electronics,3,25,24.5,75,,,
456,14-02-2027,19:45:00,51,Male,57,Electronics,2,30,33.9,60,,,
627,15-02-2027,18:14:00,79,Male,57,Clothing,1,50,55.5,50,,,
1456,16-02-2027,18:49:00,85,Male,57,Electronics,2,30,37.2,60,,,
1627,17-02-2027,17:21:00,84,Male,57,Clothing,1,50,60,50,,,
22,18-02-2027,17:11:00,66,Male,18,Clothing,2,50,60.5,100,,,
121,19-02-2027,18:57:00,110,Female,28,Electronics,4,50,54.5,200,,,
431,20-02-2027,22:02:00,99,Male,63,Electronics,4,300,345,1200,,,
1022,21-02-2027,17:49:00,69,Male,18,Clothing,2,50,52.5,100,,,
1121,22-02-2027,21:10:00,95,Female,28,Electronics,4,50,50.5,200,,,
1431,23-02-2027,21:28:00,114,Male,63,Electronics,4,300,312,1200,,,
370,24-02-2027,21:04:00,61,Male,23,Electronics,2,30,34.8,60,,,
711,25-02-2027,22:26:00,103,Male,26,Electronics,3,500,575,1500,,,
754,26-02-2027,18:40:00,90,Female,43,Electronics,4,25,23.75,100,,,
943,27-02-2027,19:29:00,90,Female,57,Clothing,4,300,318,1200,,,
1370,28-02-2027,22:51:00,90,Male,23,Electronics,2,30,36,60,,,
1711,01-03-2027,20:33:00,113,Male,26,Electronics,3,500,570,1500,,,
1754,02-03-2027,21:03:00,107,Female,43,Electronics,4,25,28.5,100,,,
1943,03-03-2027,21:00:00,108,Female,57,Clothing,4,300,321,1200,,,
350,04-03-2027,17:41:00,61,Male,25,Beauty,3,25,28.5,75,,,
786,05-03-2027,20:38:00,78,Male,48,Clothing,4,25,28.5,100,,,
1350,06-03-2027,22:02:00,93,Male,25,Beauty,3,25,29.25,75,,,
1786,07-03-2027,21:26:00,69,Male,48,Clothing,4,25,28.75,100,,,
109,08-03-2027,19:57:00,94,Female,34,Electronics,4,500,560,2000,,,
191,09-03-2027,21:24:00,71,Male,64,Beauty,1,25,28.25,25,,,
1109,10-03-2027,22:13:00,114,Female,34,Electronics,4,500,590,2000,,,
1191,11-03-2027,17:20:00,88,Male,64,Beauty,1,25,25,25,,,
340,12-03-2027,22:59:00,54,Female,36,Clothing,4,300,294,1200,,,
555,13-03-2027,19:35:00,103,Male,25,Beauty,1,300,360,300,,,
826,14-03-2027,19:08:00,81,Female,46,Clothing,1,300,303,300,,,
962,15-03-2027,22:02:00,76,Male,44,Clothing,2,30,35.1,60,,,
1340,16-03-2027,20:55:00,92,Female,36,Clothing,4,300,348,1200,,,
1555,17-03-2027,18:54:00,55,Male,25,Beauty,1,300,312,300,,,
1826,18-03-2027,22:05:00,104,Female,46,Clothing,1,300,297,300,,,
1962,19-03-2027,18:59:00,65,Male,44,Clothing,2,30,32.7,60,,,
249,20-03-2027,20:17:00,109,Male,20,Clothing,1,50,53.5,50,,,
1249,21-03-2027,21:44:00,95,Male,20,Clothing,1,50,60,50,,,
922,22-03-2027,22:54:00,103,Male,41,Electronics,1,50,60.5,50,,,
1922,23-03-2027,20:07:00,72,Male,41,Electronics,1,50,48.5,50,,,
600,24-03-2027,18:39:00,64,Female,59,Beauty,2,500,525,1000,,,
680,25-03-2027,22:04:00,110,Female,53,Clothing,3,300,330,900,,,
770,26-03-2027,22:49:00,71,Male,32,Clothing,1,50,55,50,,,
1600,27-03-2027,17:44:00,67,Female,59,Beauty,2,500,575,1000,,,
1680,28-03-2027,17:12:00,72,Female,53,Clothing,3,300,324,900,,,
1770,29-03-2027,20:08:00,65,Male,32,Clothing,1,50,56,50,,,
60,30-03-2027,18:15:00,91,Male,30,Beauty,3,50,60.5,150,,,
250,31-03-2027,23:00:00,91,Male,48,Electronics,1,50,60.5,50,,,
516,01-04-2027,18:38:00,85,Male,30,Beauty,4,25,24.25,100,,,
937,02-04-2027,19:57:00,50,Female,62,Beauty,1,500,510,500,,,
1060,03-04-2027,18:29:00,71,Male,30,Beauty,3,50,57,150,,,
1250,04-04-2027,20:39:00,96,Male,48,Electronics,1,50,48.5,50,,,
1516,05-04-2027,17:19:00,54,Male,30,Beauty,4,25,24.5,100,,,
1937,06-04-2027,17:57:00,52,Female,62,Beauty,1,500,620,500,,,
318,07-04-2027,21:26:00,57,Male,61,Clothing,1,25,29.25,25,,,
342,08-04-2027,17:24:00,85,Female,43,Clothing,4,500,500,2000,,,
564,09-04-2027,20:14:00,114,Male,50,Electronics,2,50,55.5,100,,,
767,10-04-2027,22:44:00,72,Male,39,Beauty,3,25,24.5,75,,,
1318,11-04-2027,22:57:00,55,Male,61,Clothing,1,25,27,25,,,
1342,12-04-2027,23:00:00,114,Female,43,Clothing,4,500,485,2000,,,
1564,13-04-2027,22:55:00,115,Male,50,Electronics,2,50,49.5,100,,,
1767,14-04-2027,17:35:00,87,Male,39,Beauty,3,25,28.25,75,,,
503,15-04-2027,20:06:00,63,Male,45,Beauty,4,500,570,2000,,,
869,16-04-2027,22:16:00,51,Male,37,Beauty,3,500,485,1500,,,
1503,17-04-2027,18:28:00,67,Male,45,Beauty,4,500,605,2000,,,
1869,18-04-2027,19:51:00,113,Male,37,Beauty,3,500,605,1500,,,
126,19-04-2027,18:16:00,63,Female,28,Clothing,3,30,28.8,90,,,
349,20-04-2027,17:05:00,78,Female,57,Beauty,1,50,48.5,50,,,
440,21-04-2027,20:15:00,110,Male,64,Clothing,2,300,348,600,,,
1126,22-04-2027,17:12:00,62,Female,28,Clothing,3,30,28.8,90,,,
1349,23-04-2027,21:57:00,112,Female,57,Beauty,1,50,49.5,50,,,
1440,24-04-2027,19:20:00,86,Male,64,Clothing,2,300,354,600,,,
124,25-04-2027,21:17:00,83,Male,33,Clothing,4,500,515,2000,,,
324,26-04-2027,17:52:00,54,Female,52,Electronics,3,50,49,150,,,
677,27-04-2027,21:13:00,65,Female,19,Beauty,3,500,555,1500,,,
1124,28-04-2027,20:04:00,83,Male,33,Clothing,4,500,515,2000,,,
1324,29-04-2027,20:29:00,56,Female,52,Electronics,3,50,55,150,,,
1677,30-04-2027,20:51:00,84,Female,19,Beauty,3,500,490,1500,,,
30,01-05-2027,20:05:00,59,Female,39,Beauty,3,300,285,900,,,
226,02-05-2027,17:02:00,69,Female,61,Clothing,1,50,57.5,50,,,
229,03-05-2027,19:23:00,92,Male,58,Beauty,3,30,36.9,90,,,
896,04-05-2027,19:17:00,56,Female,30,Electronics,2,25,30.75,50,,,
959,05-05-2027,17:59:00,54,Female,42,Electronics,2,30,28.5,60,,,
998,06-05-2027,17:32:00,61,Female,23,Beauty,4,25,30.5,100,,,
1030,07-05-2027,18:02:00,96,Female,39,Beauty,3,300,309,900,,,
1226,08-05-2027,17:52:00,102,Female,61,Clothing,1,50,51,50,,,
1229,09-05-2027,21:08:00,62,Male,58,Beauty,3,30,34.5,90,,,
1896,10-05-2027,20:19:00,87,Female,30,Electronics,2,25,30.75,50,,,
1959,11-05-2027,19:56:00,95,Female,42,Electronics,2,30,34.2,60,,,
1998,12-05-2027,19:53:00,90,Female,23,Beauty,4,25,24,100,,,
12,13-05-2027,22:09:00,114,Male,35,Beauty,3,25,25.25,75,,,
1012,14-05-2027,18:47:00,56,Male,35,Beauty,3,25,27.25,75,,,
710,15-05-2027,21:11:00,71,Female,26,Electronics,3,500,495,1500,,,
776,16-05-2027,18:57:00,109,Male,35,Clothing,3,30,30.9,90,,,
817,17-05-2027,21:12:00,87,Male,30,Beauty,4,50,49,200,,,
1710,18-05-2027,20:14:00,104,Female,26,Electronics,3,500,610,1500,,,
1776,19-05-2027,20:07:00,111,Male,35,Clothing,3,30,32.1,90,,,
1817,20-05-2027,21:22:00,82,Male,30,Beauty,4,50,50,200,,,
334,21-05-2027,20:37:00,103,Male,31,Electronics,3,300,360,900,,,
343,22-05-2027,18:44:00,68,Male,21,Electronics,2,25,30,50,,,
628,23-05-2027,18:00:00,66,Female,19,Beauty,4,50,59.5,200,,,
983,24-05-2027,20:12:00,61,Female,29,Clothing,1,300,345,300,,,
1334,25-05-2027,20:37:00,60,Male,31,Electronics,3,300,366,900,,,
1343,26-05-2027,20:10:00,87,Male,21,Electronics,2,25,28.5,50,,,
1628,27-05-2027,22:23:00,51,Female,19,Beauty,4,50,58.5,200,,,
1983,28-05-2027,21:38:00,114,Female,29,Clothing,1,300,303,300,,,
141,29-05-2027,19:26:00,54,Female,22,Electronics,1,50,59,50,,,
145,30-05-2027,19:21:00,64,Female,39,Clothing,3,25,27.5,75,,,
507,31-05-2027,21:40:00,52,Female,37,Electronics,3,500,485,1500,,,
841,01-06-2027,20:58:00,108,Male,31,Electronics,4,25,28.5,100,,,
898,02-06-2027,20:55:00,53,Female,42,Clothing,3,30,35.1,90,,,
951,03-06-2027,21:35:00,58,Male,33,Beauty,2,50,57.5,100,,,
1141,04-06-2027,19:13:00,65,Female,22,Electronics,1,50,58,50,,,
1145,05-06-2027,19:19:00,87,Female,39,Clothing,3,25,31,75,,,
1507,06-06-2027,22:14:00,95,Female,37,Electronics,3,500,520,1500,,,
1841,07-06-2027,18:55:00,94,Male,31,Electronics,4,25,28.25,100,,,
1898,08-06-2027,18:17:00,81,Female,42,Clothing,3,30,35.1,90,,,
1951,09-06-2027,18:56:00,54,Male,33,Beauty,2,50,59.5,100,,,
181,10-06-2027,19:59:00,79,Male,19,Electronics,4,300,327,1200,,,
1181,11-06-2027,18:28:00,84,Male,19,Electronics,4,300,354,1200,,,
784,12-06-2027,22:44:00,71,Female,34,Electronics,1,500,610,500,,,
1784,13-06-2027,20:58:00,100,Female,34,Electronics,1,500,500,500,,,
20,14-06-2027,21:35:00,85,Male,22,Clothing,3,300,345,900,,,
690,15-06-2027,18:39:00,91,Female,52,Clothing,3,300,324,900,,,
1020,16-06-2027,18:30:00,86,Male,22,Clothing,3,300,300,900,,,
1690,17-06-2027,17:36:00,101,Female,52,Clothing,3,300,369,900,,,
47,18-06-2027,17:22:00,96,Female,40,Beauty,3,500,600,1500,,,
405,19-06-2027,17:55:00,79,Female,25,Clothing,4,300,324,1200,,,
1047,20-06-2027,21:53:00,84,Female,40,Beauty,3,500,490,1500,,,
1405,21-06-2027,20:08:00,91,Female,25,Clothing,4,300,342,1200,,,
205,22-06-2027,17:20:00,88,Female,43,Clothing,1,25,25.5,25,,,
512,23-06-2027,18:00:00,56,Female,57,Beauty,1,25,9.5,25,,,
565,24-06-2027,20:24:00,75,Female,45,Beauty,2,30,9,60,,,
761,25-06-2027,22:16:00,64,Female,33,Clothing,1,500,275,500,,,
762,26-06-2027,17:49:00,56,Female,24,Electronics,2,25,10.25,50,,,
950,27-06-2027,21:27:00,75,Male,36,Clothing,3,300,144,900,,,
1205,28-06-2027,19:19:00,97,Female,43,Clothing,1,25,7.25,25,,,
1512,29-06-2027,20:05:00,105,Female,57,Beauty,1,25,13.25,25,,,
1565,30-06-2027,20:45:00,74,Female,45,Beauty,2,30,11.1,60,,,
1761,01-07-2027,18:46:00,72,Female,33,Clothing,1,500,200,500,,,
1762,02-07-2027,18:43:00,81,Female,24,Electronics,2,25,11,50,,,
1950,03-07-2027,19:23:00,50,Male,36,Clothing,3,300,84,900,,,
86,04-07-2027,18:55:00,69,Male,19,Beauty,3,30,15.6,90,,,
173,05-07-2027,17:30:00,85,Male,64,Electronics,4,30,14.1,120,,,
1086,06-07-2027,19:50:00,84,Male,19,Beauty,3,30,16.5,90,,,
1173,07-07-2027,21:03:00,70,Male,64,Electronics,4,30,15,120,,,
595,08-07-2027,21:35:00,65,Female,18,Clothing,4,500,210,2000,,,
827,09-07-2027,19:24:00,96,Male,61,Beauty,3,300,165,900,,,
965,10-07-2027,21:45:00,84,Male,22,Clothing,4,50,13,200,,,
1595,11-07-2027,17:44:00,115,Female,18,Clothing,4,500,255,2000,,,
1827,12-07-2027,20:02:00,62,Male,61,Beauty,3,300,132,900,,,
1965,13-07-2027,20:03:00,93,Male,22,Clothing,4,50,21.5,200,,,
388,14-07-2027,19:04:00,60,Male,50,Electronics,1,25,12.25,25,,,
631,15-07-2027,22:18:00,92,Male,56,Electronics,3,30,16.5,90,,,
1388,16-07-2027,18:12:00,89,Male,50,Electronics,1,25,6.75,25,,,
1631,17-07-2027,19:11:00,75,Male,56,Electronics,3,30,12.3,90,,,
554,18-07-2027,21:04:00,94,Female,46,Beauty,3,50,13,150,,,
812,19-07-2027,17:45:00,89,Male,19,Electronics,3,25,11.25,75,,,
1554,20-07-2027,19:55:00,83,Female,46,Beauty,3,50,15.5,150,,,
1812,21-07-2027,22:19:00,85,Male,19,Electronics,3,25,12,75,,,
58,22-07-2027,19:18:00,53,Male,18,Clothing,4,300,75,1200,,,
952,23-07-2027,18:09:00,69,Female,57,Clothing,1,25,13.25,25,,,
1058,24-07-2027,18:31:00,100,Male,18,Clothing,4,300,153,1200,,,
1952,25-07-2027,22:13:00,114,Female,57,Clothing,1,25,13.5,25,,,
345,26-07-2027,18:56:00,104,Male,62,Electronics,1,30,13.5,30,,,
458,27-07-2027,21:35:00,110,Female,39,Electronics,4,25,7,100,,,
582,28-07-2027,21:38:00,110,Male,35,Clothing,3,300,75,900,,,
963,29-07-2027,18:24:00,76,Female,55,Beauty,1,50,13,50,,,
1345,30-07-2027,17:50:00,98,Male,62,Electronics,1,30,11.4,30,,,
1458,31-07-2027,19:21:00,95,Female,39,Electronics,4,25,9.75,100,,,
1582,01-08-2027,19:12:00,56,Male,35,Clothing,3,300,114,900,,,
1963,02-08-2027,20:56:00,115,Female,55,Beauty,1,50,20.5,50,,,
369,03-08-2027,19:42:00,111,Male,23,Electronics,3,500,215,1500,,,
706,04-08-2027,22:19:00,66,Male,51,Electronics,4,25,8,100,,,
747,05-08-2027,18:12:00,51,Male,23,Beauty,1,30,9.3,30,,,
1369,06-08-2027,21:14:00,64,Male,23,Electronics,3,500,180,1500,,,
1706,07-08-2027,18:04:00,57,Male,51,Electronics,4,25,11.75,100,,,
1747,08-08-2027,18:22:00,87,Male,23,Beauty,1,30,16.2,30,,,
533,09-08-2027,17:19:00,92,Male,19,Electronics,3,500,155,1500,,,
1533,10-08-2027,19:35:00,67,Male,19,Electronics,3,500,255,1500,,,
169,11-08-2027,18:47:00,73,Male,18,Beauty,3,500,145,1500,,,
645,12-08-2027,22:11:00,51,Female,35,Electronics,4,30,11.1,120,,,
968,13-08-2027,20:34:00,101,Female,48,Clothing,3,300,120,900,,,
997,14-08-2027,20:36:00,51,Male,52,Beauty,3,30,15,90,,,
1169,15-08-2027,17:12:00,101,Male,18,Beauty,3,500,255,1500,,,
1645,16-08-2027,17:27:00,109,Female,35,Electronics,4,30,9,120,,,
1968,17-08-2027,19:09:00,75,Female,48,Clothing,3,300,153,900,,,
1997,18-08-2027,21:09:00,99,Male,52,Beauty,3,30,10.2,90,,,
57,19-08-2027,20:12:00,64,Female,63,Beauty,1,30,10.2,30,,,
137,20-08-2027,20:42:00,66,Male,46,Beauty,2,500,125,1000,,,
778,21-08-2027,18:28:00,105,Female,47,Beauty,4,25,13.75,100,,,
1057,22-08-2027,22:31:00,114,Female,63,Beauty,1,30,15.9,30,,,
1137,23-08-2027,22:34:00,104,Male,46,Beauty,2,500,145,1000,,,
1778,24-08-2027,19:57:00,94,Female,47,Beauty,4,25,11.25,100,,,
599,25-08-2027,19:07:00,82,Female,28,Beauty,2,50,24.5,100,,,
938,26-08-2027,17:55:00,103,Male,49,Clothing,4,50,23,200,,,
1599,27-08-2027,17:23:00,110,Female,28,Beauty,2,50,20.5,100,,,
1938,28-08-2027,20:15:00,76,Male,49,Clothing,4,50,13.5,200,,,
234,29-08-2027,17:42:00,64,Female,62,Electronics,2,25,13.75,50,,,
1234,30-08-2027,17:46:00,78,Female,62,Electronics,2,25,8.25,50,,,
410,31-08-2027,19:41:00,64,Female,29,Clothing,2,50,14.5,100,,,
417,01-09-2027,22:03:00,109,Male,43,Electronics,3,300,162,900,,,
581,02-09-2027,21:16:00,103,Female,48,Beauty,2,30,13.8,60,,,
1410,03-09-2027,18:47:00,72,Female,29,Clothing,2,50,22.5,100,,,
1417,04-09-2027,17:43:00,54,Male,43,Electronics,3,300,147,900,,,
1581,05-09-2027,18:57:00,108,Female,48,Beauty,2,30,9.9,60,,,
74,06-09-2027,19:50:00,56,Female,18,Beauty,4,500,205,2000,,,
87,07-09-2027,18:09:00,104,Female,28,Beauty,2,50,15.5,100,,,
803,08-09-2027,17:16:00,60,Male,39,Clothing,4,25,6.75,100,,,
1074,09-09-2027,20:18:00,67,Female,18,Beauty,4,500,230,2000,,,
1087,10-09-2027,23:00:00,81,Female,28,Beauty,2,50,15,100,,,
1803,11-09-2027,19:36:00,101,Male,39,Clothing,4,25,8.5,100,,,
424,12-09-2027,19:21:00,101,Male,57,Beauty,4,300,147,1200,,,
641,13-09-2027,18:30:00,105,Female,40,Electronics,1,300,144,300,,,
918,14-09-2027,21:59:00,114,Female,42,Electronics,3,30,16.2,90,,,
1424,15-09-2027,21:32:00,54,Male,57,Beauty,4,300,111,1200,,,
1641,16-09-2027,17:41:00,65,Female,40,Electronics,1,300,165,300,,,
1918,17-09-2027,21:57:00,56,Female,42,Electronics,3,30,13.2,90,,,
1,18-09-2027,19:10:00,50,Male,34,Beauty,3,50,16,150,,,
95,19-09-2027,19:57:00,103,Female,32,Clothing,2,30,7.5,60,,,
171,20-09-2027,20:10:00,109,Female,52,Clothing,3,300,126,900,,,
1001,21-09-2027,20:11:00,99,Male,34,Beauty,3,50,22,150,,,
1095,22-09-2027,17:56:00,56,Female,32,Clothing,2,30,9.9,60,,,
1171,23-09-2027,21:05:00,87,Female,52,Clothing,3,300,84,900,,,
156,24-09-2027,19:34:00,60,Female,43,Clothing,4,25,7,100,,,
493,25-09-2027,20:10:00,95,Male,41,Beauty,2,25,7.75,50,,,
1156,26-09-2027,21:10:00,68,Female,43,Clothing,4,25,13.5,100,,,
1493,27-09-2027,21:49:00,58,Male,41,Beauty,2,25,6.75,50,,,
115,28-09-2027,19:21:00,67,Male,51,Clothing,3,500,255,1500,,,
715,29-09-2027,20:57:00,55,Female,42,Beauty,4,25,6.25,100,,,
1115,30-09-2027,17:41:00,99,Male,51,Clothing,3,500,180,1500,,,
1715,01-10-2027,19:35:00,89,Female,42,Beauty,4,25,9.75,100,,,
267,02-10-2027,17:53:00,84,Female,32,Beauty,3,30,12,90,,,
362,03-10-2027,22:43:00,101,Male,50,Clothing,1,25,10.25,25,,,
856,04-10-2027,17:43:00,102,Male,54,Electronics,4,30,9.3,120,,,
1267,05-10-2027,21:03:00,91,Female,32,Beauty,3,30,9.6,90,,,
1362,06-10-2027,18:53:00,104,Male,50,Clothing,1,25,11,25,,,
1856,07-10-2027,21:34:00,114,Male,54,Electronics,4,30,16.2,120,,,
84,08-10-2027,17:17:00,89,Female,38,Electronics,3,30,10.2,90,,,
795,09-10-2027,19:51:00,71,Male,57,Electronics,1,300,102,300,,,
1084,10-10-2027,20:37:00,93,Female,38,Electronics,3,30,7.8,90,,,
1795,11-10-2027,18:50:00,86,Male,57,Electronics,1,300,105,300,,,
24,12-10-2027,22:59:00,59,Female,49,Clothing,1,300,87,300,,,
215,13-10-2027,21:20:00,101,Male,58,Clothing,3,500,145,1500,,,
739,14-10-2027,17:09:00,57,Male,36,Beauty,1,25,10.25,25,,,
1024,15-10-2027,21:51:00,72,Female,49,Clothing,1,300,126,300,,,
1215,16-10-2027,20:44:00,107,Male,58,Clothing,3,500,130,1500,,,
1739,17-10-2027,17:52:00,67,Male,36,Beauty,1,25,11.25,25,,,
289,18-10-2027,20:29:00,107,Male,53,Electronics,2,30,8.1,60,,,
741,19-10-2027,22:30:00,53,Male,48,Clothing,1,300,141,300,,,
810,20-10-2027,18:04:00,76,Male,59,Electronics,4,25,13.75,100,,,
1289,21-10-2027,19:35:00,83,Male,53,Electronics,2,30,16.2,60,,,
1741,22-10-2027,20:47:00,70,Male,48,Clothing,1,300,132,300,,,
1810,23-10-2027,18:29:00,106,Male,59,Electronics,4,25,13.5,100,,,
266,24-10-2027,18:26:00,66,Female,19,Electronics,2,30,14.4,60,,,
389,25-10-2027,19:06:00,109,Male,21,Clothing,2,25,12.25,50,,,
1266,26-10-2027,20:08:00,79,Female,19,Electronics,2,30,15.6,60,,,
1389,27-10-2027,18:11:00,60,Male,21,Clothing,2,25,9.5,50,,,
112,28-10-2027,18:44:00,57,Male,37,Clothing,3,500,165,1500,,,
566,29-10-2027,19:15:00,106,Female,64,Clothing,1,30,8.4,30,,,
608,30-10-2027,22:19:00,112,Female,55,Electronics,3,500,200,1500,,,
1112,31-10-2027,17:11:00,94,Male,37,Clothing,3,500,180,1500,,,
1566,01-11-2027,18:17:00,56,Female,64,Clothing,1,30,15.6,30,,,
1608,02-11-2027,21:01:00,87,Female,55,Electronics,3,500,265,1500,,,
348,03-11-2027,20:20:00,83,Female,35,Electronics,2,300,147,600,,,
1348,04-11-2027,17:21:00,79,Female,35,Electronics,2,300,87,600,,,
199,05-11-2027,21:34:00,53,Male,45,Beauty,3,500,135,1500,,,
258,06-11-2027,17:40:00,109,Female,37,Clothing,1,50,22,50,,,
485,07-11-2027,17:30:00,101,Male,24,Electronics,1,30,11.4,30,,,
576,08-11-2027,17:30:00,113,Female,33,Beauty,3,50,20,150,,,
1199,09-11-2027,17:46:00,110,Male,45,Beauty,3,500,190,1500,,,
1258,10-11-2027,20:27:00,64,Female,37,Clothing,1,50,21.5,50,,,
1485,11-11-2027,18:29:00,66,Male,24,Electronics,1,30,15.6,30,,,
1576,12-11-2027,18:34:00,108,Female,33,Beauty,3,50,27.5,150,,,
65,13-11-2027,20:03:00,84,Male,51,Electronics,4,500,160,2000,,,
311,14-11-2027,21:01:00,61,Female,32,Beauty,4,25,9.75,100,,,
791,15-11-2027,16:28:00,106,Female,51,Beauty,1,25,11.75,25,,,
971,16-11-2027,16:50:00,64,Female,27,Electronics,4,50,26.5,200,,,
999,17-11-2027,16:45:00,110,Female,36,Electronics,3,50,21.5,150,,,
1065,18-11-2027,15:16:00,76,Male,51,Electronics,4,500,175,2000,,,
1311,19-11-2027,15:22:00,84,Female,32,Beauty,4,25,9.25,100,,,
1791,20-11-2027,14:52:00,87,Female,51,Beauty,1,25,7,25,,,
1971,21-11-2027,16:19:00,90,Female,27,Electronics,4,50,19,200,,,
1999,22-11-2027,13:06:00,61,Female,36,Electronics,3,50,13,150,,,
395,23-11-2027,15:00:00,76,Male,50,Electronics,2,500,175,1000,,,
535,24-11-2027,13:46:00,59,Male,47,Beauty,3,30,16.2,90,,,
580,25-11-2027,14:44:00,104,Female,31,Clothing,3,500,200,1500,,,
712,26-11-2027,14:15:00,108,Female,57,Beauty,2,25,11.5,50,,,
868,27-11-2027,13:39:00,110,Female,25,Electronics,1,300,111,300,,,
1395,28-11-2027,14:18:00,91,Male,50,Electronics,2,500,130,1000,,,
1535,29-11-2027,15:31:00,52,Male,47,Beauty,3,30,9.9,90,,,
1580,30-11-2027,15:47:00,105,Female,31,Clothing,3,500,250,1500,,,
1712,01-12-2027,16:37:00,92,Female,57,Beauty,2,25,8.75,50,,,
1868,02-12-2027,16:23:00,78,Female,25,Electronics,1,300,138,300,,,
531,03-12-2027,12:30:00,105,Male,31,Electronics,1,500,275,500,,,
550,04-12-2027,16:58:00,80,Male,40,Clothing,3,300,90,900,,,
1531,05-12-2027,13:19:00,56,Male,31,Electronics,1,500,250,500,,,
1550,06-12-2027,13:11:00,73,Male,40,Clothing,3,300,147,900,,,
392,07-12-2027,13:11:00,77,Male,27,Clothing,2,300,78,600,,,
453,08-12-2027,14:45:00,90,Female,26,Clothing,2,500,265,1000,,,
540,09-12-2027,16:17:00,79,Female,46,Electronics,3,300,87,900,,,
625,10-12-2027,13:36:00,68,Male,31,Clothing,1,300,123,300,,,
1392,11-12-2027,12:28:00,70,Male,27,Clothing,2,300,90,600,,,
1453,12-12-2027,13:24:00,113,Female,26,Clothing,2,500,205,1000,,,
1540,13-12-2027,16:51:00,115,Female,46,Electronics,3,300,147,900,,,
1625,14-12-2027,16:36:00,52,Male,31,Clothing,1,300,147,300,,,
244,15-12-2027,13:57:00,101,Male,28,Beauty,2,50,20.5,100,,,
355,16-12-2027,13:42:00,96,Female,55,Electronics,1,500,260,500,,,
468,17-12-2027,14:32:00,86,Male,40,Electronics,1,25,12.25,25,,,
700,18-12-2027,15:07:00,61,Male,36,Electronics,4,500,250,2000,,,
752,19-12-2027,16:06:00,79,Male,29,Clothing,2,50,13,100,,,
828,20-12-2027,15:54:00,76,Female,33,Electronics,4,300,132,1200,,,
1244,21-12-2027,16:47:00,100,Male,28,Beauty,2,50,19.5,100,,,
1355,22-12-2027,13:19:00,107,Female,55,Electronics,1,500,155,500,,,
1468,23-12-2027,13:14:00,73,Male,40,Electronics,1,25,9.75,25,,,
1700,24-12-2027,16:10:00,87,Male,36,Electronics,4,500,210,2000,,,
1752,25-12-2027,13:01:00,79,Male,29,Clothing,2,50,14.5,100,,,
1828,26-12-2027,14:14:00,99,Female,33,Electronics,4,300,165,1200,,,
80,27-12-2027,16:51:00,82,Female,64,Clothing,2,30,12.3,60,,,
214,28-12-2027,16:31:00,53,Male,20,Beauty,2,30,8.1,60,,,
361,29-12-2027,16:37:00,112,Female,34,Electronics,4,300,81,1200,,,
526,30-12-2027,12:47:00,65,Male,33,Clothing,2,50,19.5,100,,,
1080,31-12-2027,13:31:00,70,Female,64,Clothing,2,30,13.2,60,,,
1214,01-01-2028,14:24:00,50,Male,20,Beauty,2,30,11.1,60,,,
1361,02-01-2028,16:00:00,89,Female,34,Electronics,4,300,153,1200,,,
1526,03-01-2028,15:06:00,84,Male,33,Clothing,2,50,26.5,100,,,
265,04-01-2028,12:12:00,80,Male,55,Clothing,3,300,132,900,,,
586,05-01-2028,14:57:00,84,Male,50,Electronics,1,50,21.5,50,,,
1265,06-01-2028,14:35:00,86,Male,55,Clothing,3,300,111,900,,,
1586,07-01-2028,16:25:00,59,Male,50,Electronics,1,50,14,50,,,
336,08-01-2028,13:05:00,67,Female,52,Beauty,3,50,25,150,,,
571,09-01-2028,12:51:00,87,Female,41,Electronics,1,50,16,50,,,
1336,10-01-2028,13:27:00,74,Female,52,Beauty,3,50,21.5,150,,,
1571,11-01-2028,14:55:00,105,Female,41,Electronics,1,50,25,50,,,
9,12-01-2028,13:12:00,85,Male,63,Electronics,2,300,78,600,,,
552,13-01-2028,13:32:00,85,Female,49,Electronics,3,25,9.75,75,,,
771,14-01-2028,12:23:00,70,Male,24,Electronics,2,25,11.75,50,,,
1009,15-01-2028,14:18:00,88,Male,63,Electronics,2,300,78,600,,,
1552,16-01-2028,12:11:00,55,Female,49,Electronics,3,25,13,75,,,
1771,17-01-2028,13:41:00,108,Male,24,Electronics,2,25,10.75,50,,,
496,18-01-2028,13:07:00,91,Male,23,Clothing,2,300,141,600,,,
701,19-01-2028,16:33:00,93,Female,52,Beauty,2,30,14.1,60,,,
1496,20-01-2028,15:05:00,110,Male,23,Clothing,2,300,120,600,,,
1701,21-01-2028,15:09:00,62,Female,52,Beauty,2,30,15.9,60,,,
139,22-01-2028,14:03:00,113,Male,36,Beauty,4,500,230,2000,,,
151,23-01-2028,15:49:00,108,Male,29,Clothing,1,50,18,50,,,
1139,24-01-2028,14:23:00,87,Male,36,Beauty,4,500,230,2000,,,
1151,25-01-2028,14:48:00,99,Male,29,Clothing,1,50,26,50,,,
83,26-01-2028,15:57:00,56,Male,54,Electronics,2,50,16.5,100,,,
153,27-01-2028,15:52:00,62,Male,63,Electronics,2,500,195,1000,,,
451,28-01-2028,15:38:00,74,Female,45,Electronics,1,30,13.5,30,,,
1083,29-01-2028,15:46:00,99,Male,54,Electronics,2,50,17.5,100,,,
1153,30-01-2028,12:30:00,91,Male,63,Electronics,2,500,265,1000,,,
1451,31-01-2028,12:10:00,94,Female,45,Electronics,1,30,13.2,30,,,
99,01-02-2028,15:12:00,71,Female,50,Electronics,4,300,132,1200,,,
783,02-02-2028,15:37:00,91,Female,56,Clothing,1,300,150,300,,,
1099,03-02-2028,12:41:00,56,Female,50,Electronics,4,300,162,1200,,,
1783,04-02-2028,16:37:00,52,Female,56,Clothing,1,300,135,300,,,
409,05-02-2028,12:30:00,55,Female,21,Electronics,3,300,87,900,,,
525,06-02-2028,14:15:00,98,Female,47,Beauty,2,25,7,50,,,
939,07-02-2028,15:28:00,75,Female,46,Electronics,1,300,81,300,,,
994,08-02-2028,16:38:00,73,Female,51,Beauty,2,500,125,1000,,,
1409,09-02-2028,12:15:00,102,Female,21,Electronics,3,300,138,900,,,
1525,10-02-2028,13:35:00,106,Female,47,Beauty,2,25,12,50,,,
1939,11-02-2028,13:30:00,74,Female,46,Electronics,1,300,135,300,,,
1994,12-02-2028,13:27:00,86,Female,51,Beauty,2,500,250,1000,,,
96,13-02-2028,14:10:00,62,Female,44,Clothing,2,300,84,600,,,
609,14-02-2028,13:02:00,59,Female,47,Clothing,2,50,13,100,,,
982,15-02-2028,14:08:00,50,Female,46,Beauty,3,30,15.6,90,,,
1096,16-02-2028,14:49:00,82,Female,44,Clothing,2,300,138,600,,,
1609,17-02-2028,13:58:00,81,Female,47,Clothing,2,50,22.5,100,,,
1982,18-02-2028,12:46:00,110,Female,46,Beauty,3,30,16.5,90,,,
209,19-02-2028,12:22:00,61,Female,30,Electronics,4,50,14,200,,,
435,20-02-2028,13:41:00,113,Female,30,Beauty,3,300,108,900,,,
777,21-02-2028,15:07:00,54,Male,48,Electronics,3,50,17,150,,,
854,22-02-2028,15:42:00,84,Male,29,Clothing,1,50,22,50,,,
890,23-02-2028,14:44:00,76,Male,34,Electronics,2,25,13.5,50,,,
1209,24-02-2028,12:37:00,55,Female,30,Electronics,4,50,23,200,,,
1435,25-02-2028,13:31:00,61,Female,30,Beauty,3,300,114,900,,,
1777,26-02-2028,12:06:00,74,Male,48,Electronics,3,50,19.5,150,,,
1854,27-02-2028,16:53:00,109,Male,29,Clothing,1,50,22.5,50,,,
1890,28-02-2028,14:20:00,51,Male,34,Electronics,2,25,6.25,50,,,
865,29-02-2028,14:49:00,78,Female,42,Clothing,1,300,108,300,,,
1865,01-03-2028,14:52:00,107,Female,42,Clothing,1,300,156,300,,,
662,02-03-2028,12:40:00,100,Male,48,Beauty,2,500,145,1000,,,
1662,03-03-2028,12:38:00,106,Male,48,Beauty,2,500,240,1000,,,
309,04-03-2028,15:39:00,78,Female,26,Beauty,1,25,9,25,,,
544,05-03-2028,13:46:00,95,Female,27,Electronics,1,25,10.25,25,,,
602,06-03-2028,16:46:00,75,Female,20,Electronics,1,300,96,300,,,
615,07-03-2028,15:06:00,58,Female,61,Clothing,4,25,10.5,100,,,
678,08-03-2028,15:55:00,70,Female,60,Electronics,3,300,144,900,,,
781,09-03-2028,16:52:00,106,Male,35,Beauty,1,500,225,500,,,
1309,10-03-2028,16:50:00,93,Female,26,Beauty,1,25,9.5,25,,,
1544,11-03-2028,15:58:00,70,Female,27,Electronics,1,25,11.25,25,,,
1602,12-03-2028,15:17:00,86,Female,20,Electronics,1,300,126,300,,,
1615,13-03-2028,13:43:00,82,Female,61,Clothing,4,25,13.5,100,,,
1678,14-03-2028,13:44:00,99,Female,60,Electronics,3,300,102,900,,,
1781,15-03-2028,12:22:00,55,Male,35,Beauty,1,500,225,500,,,
34,16-03-2028,13:26:00,87,Female,51,Clothing,3,50,17,150,,,
916,17-03-2028,12:56:00,68,Female,32,Electronics,1,50,26,50,,,
1034,18-03-2028,14:48:00,52,Female,51,Clothing,3,50,24.5,150,,,
1916,19-03-2028,12:40:00,102,Female,32,Electronics,1,50,16.5,50,,,
757,20-03-2028,12:10:00,82,Female,43,Electronics,4,300,105,1200,,,
1757,21-03-2028,16:42:00,50,Female,43,Electronics,4,300,132,1200,,,
25,22-03-2028,14:32:00,61,Female,64,Beauty,1,50,19,50,,,
82,23-03-2028,12:55:00,85,Female,32,Beauty,4,50,15,200,,,
472,24-03-2028,15:23:00,95,Female,38,Beauty,3,300,162,900,,,
842,25-03-2028,14:13:00,71,Female,47,Clothing,2,300,105,600,,,
879,26-03-2028,16:51:00,50,Male,23,Clothing,1,30,15.3,30,,,
991,27-03-2028,14:28:00,110,Female,34,Clothing,2,50,19.5,100,,,
1025,28-03-2028,16:41:00,103,Female,64,Beauty,1,50,16.5,50,,,
1082,29-03-2028,15:56:00,111,Female,32,Beauty,4,50,27.5,200,,,
1472,30-03-2028,15:22:00,74,Female,38,Beauty,3,300,150,900,,,
1842,31-03-2028,14:03:00,84,Female,47,Clothing,2,300,75,600,,,
1879,01-04-2028,15:27:00,66,Male,23,Clothing,1,30,16.2,30,,,
1991,02-04-2028,13:11:00,96,Female,34,Clothing,2,50,14.5,100,,,
62,03-04-2028,12:54:00,50,Male,18,Beauty,2,50,26.5,100,,,
386,04-04-2028,13:20:00,77,Female,54,Electronics,2,300,153,600,,,
1062,05-04-2028,16:05:00,69,Male,18,Beauty,2,50,21.5,100,,,
1386,06-04-2028,14:06:00,110,Female,54,Electronics,2,300,81,600,,,
429,07-04-2028,14:29:00,80,Male,64,Electronics,2,25,6.75,50,,,
664,08-04-2028,16:52:00,109,Female,44,Clothing,4,500,170,2000,,,
989,09-04-2028,13:30:00,97,Female,44,Electronics,1,25,8.25,25,,,
1429,10-04-2028,13:14:00,102,Male,64,Electronics,2,25,12,50,,,
1664,11-04-2028,16:44:00,99,Female,44,Clothing,4,500,245,2000,,,
1989,12-04-2028,16:21:00,109,Female,44,Electronics,1,25,13.25,25,,,
233,13-04-2028,13:09:00,81,Female,51,Beauty,2,300,132,600,,,
520,14-04-2028,12:42:00,79,Female,49,Electronics,4,25,13,100,,,
805,15-04-2028,13:55:00,59,Female,30,Beauty,3,500,155,1500,,,
908,16-04-2028,14:47:00,64,Male,46,Beauty,4,300,81,1200,,,
1233,17-04-2028,16:20:00,79,Female,51,Beauty,2,300,117,600,,,
1520,18-04-2028,15:28:00,88,Female,49,Electronics,4,25,10.5,100,,,
1805,19-04-2028,13:35:00,79,Female,30,Beauty,3,500,225,1500,,,
1908,20-04-2028,12:34:00,93,Male,46,Beauty,4,300,87,1200,,,
857,21-04-2028,12:09:00,62,Male,60,Electronics,2,25,12,50,,,
1857,22-04-2028,12:15:00,109,Male,60,Electronics,2,25,7.5,50,,,
211,23-04-2028,14:02:00,54,Male,42,Beauty,3,500,235,1500,,,
650,24-04-2028,12:41:00,98,Male,55,Electronics,1,30,15,30,,,
1211,25-04-2028,14:59:00,82,Male,42,Beauty,3,500,235,1500,,,
1650,26-04-2028,16:24:00,89,Male,55,Electronics,1,30,10.8,30,,,
